iteration,time,cost,distance,residual,gradnorm,complviolation,dualviolation,manviolation,maxviolation,meanviolation,rho,upsilon,maxabsLagmult,quadoptim_status,quadoptim_iter,quadoptim_gap,quadoptim_primalobjective,quadoptim_dualobjective,quadoptim_primalinfeasibility,quadoptim_dualinfeasibility,stepsize,linesearch_status,linesearch_counter
0,0.0,-0.00025983118614756034,2.9802322387695312e-08,6.514324765459311,6.184691761606387,2.0459753086962227,0.0,0,0.0,0.0,1.0,,1.0,,,,,,,,,,
1,0.6080982685089111,-0.005754336680649476,0.005960083014171996,0.9999999999770671,0.9999999999770671,2.560100823617391e-13,0.0,0,0.0,0.0,1.0,4.526217991075346e-10,4.526217991075346e-10,optimal,12.0,6.526187928118562e-13,-0.002747252747226082,-0.0027472527478787007,3.3416270500476294e-16,2.0259436376617264e-16,1.0,1.0,0.0
2,1.1839940547943115,-0.02876816507353097,0.1095426827192626,3.834056223792322,3.8178035370894525,0.3526499157653962,0.0,0,0.0011473005561342831,2.668140828219263e-05,10.089163231851849,9.589163231851849,9.589163231851849,unknown,27.0,6.986928066796994e-18,-2203254.850219108,-2203254.8502191072,3.052288325108506e-09,5.621864119454318e-09,5.222689519770981e-09,1.0,181.0
3,1.7517354488372803,-0.03478775554470324,0.028080722690308976,0.9999999990256726,0.9999999990256726,1.5289340536824846e-12,0.0,0,0.0,0.0,10.089163231851849,2.3930221417055092e-09,2.3930221417055092e-09,optimal,13.0,4.219028332708287e-14,-0.00300979523424919,-0.00300979523429138,2.311544636404713e-16,5.831331245059086e-17,1.0,1.0,0.0
4,2.3370578289031982,-0.07757208586587017,0.6992109728718898,1.2534474894882297,1.2494671584250263,0.09976805533028368,0.0,0,0.002960415046781155,6.884686155305012e-05,10.089163231851849,1.2148722014288027,1.2148722014288027,unknown,21.0,9.635073647895933e-09,-173634.51285542786,-173634.51285543753,9.672356325908774e-10,6.057295947407226e-15,1.2320233115273002e-07,1.0,151.0
5,2.9193155765533447,-0.10899016963644778,0.31836374188328304,1.0000023806412226,0.9999999356506185,8.343238149190609e-11,0.0,0,0.0017993632404645888,7.173891195735255e-05,10.089163231851849,1.68089704865746e-08,1.68089704865746e-08,optimal,12.0,9.799731757540959e-14,-0.01745449115527633,-0.017454491155374327,3.243845360829981e-16,1.308548567645992e-16,0.9,1.0,1.0
6,3.481426954269409,-0.13232108483637328,0.37334141741682925,0.28041684948904555,0.23052462180888345,0.15962072787295445,0.0,0,0.003124218429126566,0.0001159814541143426,10.089163231851849,0.35645255213385063,0.35645255213385063,optimal,12.0,4.6623496808029054e-14,-0.2924902419567528,-0.2924902419567993,1.4972055470050321e-15,5.79503220962254e-15,0.07976644307687257,1.0,24.0
7,4.048888683319092,-0.18821315428791185,0.6275965926444688,0.42234862541386464,0.42180603500525765,0.020893437127060786,0.0,0,0.004545820765206543,0.0001269040811742963,10.089163231851849,0.0822082366585691,0.0822082366585691,optimal,12.0,3.31318193392365e-13,-0.04104349256857662,-0.04104349256890793,3.4487499940325715e-16,1.1165789235651566e-15,0.9,1.0,1.0
8,4.682464599609375,-0.1997811019565907,0.17567301993999587,0.3451815686328986,0.3450037258586764,0.010076938068924202,0.0,0,0.004429737888541008,0.00013243780128036775,10.089163231851849,0.17737429109427458,0.17737429109427458,optimal,12.0,9.848062152122695e-14,-0.07295370338799337,-0.07295370338809173,3.976300787502342e-16,6.326049424695314e-15,0.0984770902183612,1.0,22.0
9,5.250475645065308,-0.2039843020245718,0.06522729608347236,0.24991364272556926,0.2495105474994152,0.013423219838978992,0.0,0,0.004250603868288766,0.0001395658194436958,10.089163231851849,0.10273218490431647,0.10273218490431647,optimal,12.0,4.2047755569576186e-14,-0.05537760303921167,-0.0553776030392537,5.882212651005743e-16,3.65275923949558e-15,0.0523347633027361,1.0,28.0
10,5.814863681793213,-0.2087506811856975,0.06600792923035229,0.20527184104397478,0.2051006827177888,0.006924509298594413,0.0,0,0.004183598328474064,0.00014817673868482408,10.089163231851849,0.11446366916339115,0.11446366916339115,unknown,14.0,2.769992152628191e-16,-0.03876752399127587,-0.03876752399127615,3.4385764213838706e-16,3.2335804309929525e-12,0.07976644307687257,1.0,24.0
11,6.399501800537109,-0.2126220393874165,0.06011133311641108,0.21717342135947626,0.21700804032141638,0.006970919206438225,0.0,0,0.004025372436147118,0.00015517775107564503,10.089163231851849,0.11283017162049849,0.11283017162049849,optimal,13.0,2.0377126114108616e-15,-0.038597359114675045,-0.038597359114677085,4.3844490851185905e-16,7.514761639932263e-13,0.06461081889226679,1.0,26.0
12,6.960331439971924,-0.21638482762172606,0.059556369832419055,0.1815886309712962,0.18137197922199505,0.007358236036969687,0.0,0,0.0038472711129367287,0.0001618673286150334,10.089163231851849,0.1143006248555306,0.1143006248555306,optimal,12.0,4.26696743645131e-14,-0.035903607723050124,-0.03590360772309278,2.3527144545417484e-16,2.049115023132155e-13,0.07178979876918531,1.0,25.0
13,7.5243072509765625,-0.220330228311758,0.062348667456754645,0.15632772960114363,0.15607388842214734,0.007279348195739315,0.0,0,0.0036324885265549556,0.00016870142015894038,10.089163231851849,0.11593820195287259,0.11593820195287259,unknown,14.0,1.346689630403355e-17,-0.031161400088619708,-0.031161400088619735,1.937325239434901e-16,1.6604221350123849e-12,0.08862938119652508,1.0,23.0
14,8.083372831344604,-0.22452030063092282,0.06735299265004004,0.13345134535226083,0.13314517851824734,0.007237627233238811,0.0,0,0.004236141947745825,0.00017667268957061554,10.089163231851849,0.11789797178072667,0.11789797178072667,unknown,14.0,5.509081775812264e-16,-0.027947239048321096,-0.027947239048321644,2.82607520801799e-16,7.87767370074286e-12,0.10941898913151243,1.0,21.0
15,8.647944450378418,-0.2288451218901634,0.06971065371348649,0.10963160002826434,0.10925374580332493,0.007082808921570426,0.0,0,0.004845675322702525,0.00018268974190551837,10.089163231851849,0.12697662343381072,0.12697662343381072,unknown,14.0,9.2780942527509e-16,-0.024578297564378952,-0.02457829756437988,2.920061323030328e-16,1.615338430071841e-11,0.13508517176729928,1.0,19.0
16,9.2045316696167,-0.23427549285563215,0.08702507070899651,0.08457909141495323,0.08409509732628853,0.006423822731454663,0.0,0,0.0058545997543513195,0.0001935697913170358,10.089163231851849,0.13679351862664127,0.13679351862664127,unknown,14.0,6.059178090511707e-16,-0.021327395989259156,-0.02132739598925976,3.014279998688648e-16,9.863051965919204e-12,0.2058911320946491,1.0,15.0
17,9.767415523529053,-0.24067196408952288,0.10216152843267226,0.059204422201549,0.05853396241330213,0.005236744993293196,0.0,0,0.006989462605033997,0.00020049444744453106,10.089163231851849,0.149730859241642,0.149730859241642,unknown,15.0,2.7114901408176983e-15,-0.017467292320732533,-0.01746729232073525,2.483075647119032e-16,1.6603661314533887e-10,0.31381059609000017,1.0,11.0
18,10.328067779541016,-0.24913985829822247,0.14153680649513423,0.037224497658663674,0.03624526941586892,0.0027588545543342593,0.0,0,0.007959599336057444,0.00020809578766749505,10.089163231851849,0.1659629278050017,0.1659629278050017,unknown,18.0,3.7696067346993e-24,-0.012963871362901076,-0.012963871362901076,1.169435525687786e-16,3.5831983405710147e-10,0.5904900000000002,1.0,5.0
19,10.890805006027222,-0.2545908673491146,0.15527145133726702,0.025037824366281606,0.024257790261696773,0.0011193622469139815,0.0,0,0.004871750347043846,0.00021334815183367885,10.089163231851849,0.18937723053614006,0.18937723053614006,unknown,17.0,4.061902479022417e-22,-0.006740753110204483,-0.006740753110204484,1.2581672780546567e-16,1.2116785964021292e-11,0.7290000000000001,1.0,3.0
20,11.474737167358398,-0.2564210030993329,0.12239120527190823,0.01652059076648797,0.01530897532853754,0.0007765787146635543,0.0,0,0.00566160734815091,0.00021694957994449445,10.089163231851849,0.2071605491414495,0.2071605491414495,unknown,14.0,9.247172431086138e-16,-0.0029599371186875808,-0.00295993711868851,2.6654184062065224e-16,1.06239833159636e-11,0.47829690000000014,1.0,7.0
21,12.068286180496216,-0.25749749669486777,0.09712390072826692,0.016032820061387638,0.014854989992464542,0.0006714954062806992,0.0,0,0.00554405395442234,0.00021284016061315746,10.089163231851849,0.21440612586308094,0.21440612586308094,unknown,16.0,5.888070686447699e-20,-0.0023140294725040563,-0.0023140294725040537,2.0325753299126638e-16,1.2352899736390224e-12,0.31381059609000017,1.0,11.0
22,12.661921739578247,-0.2588549158039445,0.1229468639190518,0.015973350636751652,0.014836425114431158,0.0007310270227408063,0.0,0,0.005297321409697242,0.0002143313599401637,10.089163231851849,0.21689257366479534,0.21689257366479534,optimal,14.0,3.530612774020392e-16,-0.0023081008135280275,-0.0023081008135283775,2.3194662055508885e-16,9.543685223120623e-13,0.43046721000000016,1.0,8.0
23,13.252185344696045,-0.2617717098671691,0.2044170760958498,0.05817375274958312,0.05807108443299868,0.0025538270294515365,0.0,0,0.0017786480240939428,9.772072223251193e-05,10.089163231851849,0.1957990958182004,0.1957990958182004,unknown,14.0,2.7125222023945235e-15,-0.002771599543529896,-0.0027715995435326117,2.830083442249406e-16,8.95390544153998e-11,1.0,1.0,0.0
24,13.840186595916748,-0.262952637544857,0.04856792315038289,0.017419510152643248,0.01722123351030842,0.0015730874976621124,0.0,0,0.0014730126864860305,9.959284590993457e-05,10.089163231851849,0.153522314977009,0.153522314977009,optimal,12.0,6.228774400043591e-14,-0.004359849496608743,-0.004359849496671031,1.9113452013924796e-16,5.1451757928557014e-15,0.22876792454961012,1.0,14.0
25,14.411914348602295,-0.2636605873483034,0.04044148887978009,0.01680519633857199,0.016614206102661476,0.0013445908826713756,0.0,0,0.0013120993237117073,0.00010071024976260065,10.089163231851849,0.14937092748869737,0.14937092748869737,optimal,12.0,4.2726258488767296e-14,-0.00373932358963008,-0.003739323589672807,1.8207324452246197e-16,4.332822545145024e-15,0.1500946352969992,1.0,18.0
26,14.978224992752075,-0.26470711367173755,0.05754100858099943,0.012252067909353454,0.011980593917255,0.000980518931603445,0.0,0,0.001893560827005536,0.00010230907741938087,10.089163231851849,0.14848436158039224,0.14848436158039224,optimal,12.0,4.713553210596971e-14,-0.003043248447319701,-0.0030432484473668386,2.353170199140645e-16,3.856957820833675e-15,0.28242953648100017,1.0,12.0
27,15.57358980178833,-0.2659540095728153,0.07673989765258081,0.00884163262768565,0.008401898305154774,0.0005277859362196911,0.0,0,0.002424852746844286,0.00010355419645292221,10.089163231851849,0.1463816096006337,0.1463816096006337,optimal,12.0,4.9537036517372695e-14,-0.0021670969204167657,-0.002167096920466302,2.4616069706740516e-16,3.815710707436316e-15,0.47829690000000014,1.0,7.0
28,16.164258003234863,-0.26714796318465595,0.09849748407461391,0.0076743687590683455,0.0072693329818511575,0.00014124005384122997,0.0,0,0.002229254600841113,9.677849903070352e-05,10.089163231851849,0.14368371095033086,0.14368371095033086,optimal,12.0,5.713462171176957e-14,-0.0011061804468921084,-0.0011061804469492428,3.080321536589697e-16,2.6903525447560195e-15,0.9,1.0,1.0
29,16.755411863327026,-0.2672403565210405,0.04735356154437678,0.00304132888674197,0.0030004063725142405,2.6679262921793813e-05,0.0,0,0.0004187061953632998,2.306362844862127e-05,10.089163231851849,0.14029192341565636,0.14029192341565636,optimal,12.0,7.499191643987704e-14,-4.763609713190286e-05,-4.763609720689449e-05,2.352311687392077e-16,3.133001006523993e-15,1.0,1.0,0.0
30,17.345693588256836,-0.2672226374276586,0.015509836373077599,0.0009766807546976281,0.0009749879462658661,2.620333893389524e-06,0.0,0,5.0530942043047755e-05,2.560302118789133e-06,10.089163231851849,0.1384635250767298,0.1384635250767298,optimal,12.0,7.96663882716384e-14,2.2835891939733058e-05,2.283589186006662e-05,2.1567858849511186e-16,1.0063231809195288e-14,1.0,1.0,0.0
31,17.93879199028015,-0.2672203620860026,0.005141951953627101,0.00033564831374235433,0.0003355858430489044,2.744912517032676e-07,0.0,0,5.79772278705426e-06,2.81084119403918e-07,10.089163231851849,0.13791849134368547,0.13791849134368547,optimal,12.0,8.001616323433883e-14,2.848302305468371e-06,2.848302225452142e-06,2.559512848938896e-16,1.0499260750215537e-14,1.0,1.0,0.0
32,18.528762340545654,-0.26722011642944354,0.001751193540156339,0.00011616520645108633,0.00011616274555981944,3.141622481939478e-08,0.0,0,6.804281419692249e-07,3.2520295892856795e-08,10.089163231851849,0.13776058498765886,0.13776058498765886,optimal,12.0,7.996584824467179e-14,3.125877380314755e-07,3.1258765806559587e-07,3.007010892628634e-16,1.7398362921364895e-14,1.0,1.0,0.0
33,19.119744300842285,-0.2672200885110352,0.0006044450214481746,4.03198539429821e-05,4.031975293257179e-05,3.727915493825588e-09,0.0,0,8.13394768484077e-08,3.869845605543611e-09,10.089163231851849,0.13770872060142272,0.13770872060142272,optimal,12.0,7.993191447589844e-14,3.591377691190113e-08,3.591369697997967e-08,1.5347383768268794e-16,1.3378645413090192e-14,1.0,1.0,0.0
34,19.71431803703308,-0.2672200852148847,0.00020977262882995216,1.4019319351422025e-05,1.4019315132394781e-05,4.4841968990682597e-10,0.0,0,9.807128276140276e-09,4.658701896728243e-10,10.089163231851849,0.13769098583384082,0.13769098583384082,optimal,12.0,7.991800605199233e-14,4.260054300687929e-09,4.259974382682751e-09,1.7566952800198406e-16,1.4832753766058898e-14,1.0,1.0,0.0
35,20.313887357711792,-0.26722008481918585,7.294319695905999e-05,4.878005264329123e-06,4.878005087068765e-06,5.419349739676734e-11,0.0,0,1.1859735693509066e-09,5.629265772736234e-11,10.089163231851849,0.13768484858895344,0.13768484858895344,optimal,12.0,7.991290503525597e-14,5.122856107184678e-10,5.122056978153563e-10,2.1665440119346163e-16,1.742561794349842e-14,1.0,1.0,0.0
36,20.8850040435791,-0.26722008477139586,2.538135849525802e-05,1.6977329402058084e-06,1.697732932766762e-06,6.558220311777668e-12,0.0,0,1.4335030384948766e-10,6.7869098735317194e-12,10.089163231851849,0.13768271654063774,0.13768271654063774,optimal,12.0,7.991109772664252e-14,6.190754852557262e-11,6.182763742816805e-11,2.504988176687407e-16,1.3884101307250337e-14,1.0,1.0,0.0
37,21.479423761367798,-0.26722008476561193,8.833711836009393e-06,5.909298755922837e-07,5.909298752882652e-07,7.922137231637495e-13,0.0,0,1.7104345717555702e-11,7.955583765244213e-13,10.089163231851849,0.1376819749120925,0.1376819749120925,optimal,12.0,7.991046477063024e-14,7.494097259976158e-12,7.414186795159678e-12,2.349381529067541e-16,2.5974858666612713e-14,1.0,1.0,0.0
38,22.052106618881226,-0.26722008476491144,3.0746434075083136e-06,2.056914780790315e-07,2.0569147806919933e-07,9.506706095147463e-14,0.0,0,1.8111900867978648e-12,8.349510016681861e-14,10.089163231851849,0.1376817168224372,0.1376817168224372,optimal,12.0,7.991024397986815e-14,9.077147499327303e-13,8.27804505930011e-13,3.0667802524362633e-16,1.3306475353728661e-14,1.0,1.0,0.0
39,22.621505737304688,-0.26722008476482656,1.069783388114889e-06,7.1598100802074e-08,7.159810080202942e-08,1.8949424366141734e-14,0.0,0,5.630218513630325e-14,3.066224599805052e-15,10.089163231851849,0.13768162699224443,0.13768162699224443,optimal,12.0,7.991016706809741e-14,1.0996282193547678e-13,3.005265485681549e-14,2.232437340267117e-16,8.492294969935678e-15,1.0,1.0,0.0
40,23.18977642059326,-0.26722008476481623,3.7111069827352804e-07,2.4922312338074715e-08,2.4922312338069087e-08,1.674820142700437e-14,0.0,0,2.7755575615628914e-16,6.454785026890445e-18,10.089163231851849,0.13768159572442434,0.13768159572442434,optimal,12.0,7.991014028994316e-14,1.334863173027588e-14,-6.656150855755004e-14,1.4397236326532417e-16,6.7284089539615295e-15,1.0,1.0,0.0
41,23.7547390460968,-0.267220084764815,1.2137709767594221e-07,8.675125402799724e-09,8.67512540278329e-09,1.6886256429159527e-14,0.0,0,0.0,0.0,10.089163231851849,0.13768158484062126,0.13768158484062126,optimal,12.0,7.991013096767519e-14,1.5783656981644024e-15,-7.833176527219609e-14,2.430361547055703e-16,1.1896673427879975e-14,1.0,1.0,0.0
42,24.318838357925415,-0.267220084764815,5.286511892752072e-09,1.91624499828876e-09,1.9162449982143614e-09,1.6885875298285634e-14,0.0,0,0.0,0.0,10.089163231851849,0.13768158105212347,0.13768158105212347,optimal,12.0,7.991012772255737e-14,1.962239853671072e-16,-7.971390373659041e-14,2.8914585439969823e-16,7.0091152172412515e-15,0.16677181699666577,1.0,17.0
43,24.895339012145996,-0.267220084764815,1.5492810688953925e-08,1.728718948283272e-09,1.728718948200779e-09,1.688826496243858e-14,0.0,0,0.0,0.0,10.089163231851849,0.13768158083219087,0.13768158083219087,optimal,12.0,7.991012630981891e-14,2.118253916327195e-16,-7.969830091875696e-14,2.376951212457766e-16,7.324231781455033e-15,0.1500946352969992,1.0,18.0
44,25.48647904396057,-0.267220084764815,4.2507356294618635e-09,1.5407916098888035e-09,1.540791609796234e-09,1.688967482219551e-14,0.0,0,0.0,0.0,10.089163231851849,0.1376815806557795,0.1376815806557795,optimal,12.0,7.99101262701703e-14,1.836548757326938e-16,-7.972647139365264e-14,3.433929134435214e-16,1.4912460764359484e-14,0.16677181699666577,1.0,17.0
45,26.076571941375732,-0.267220084764815,3.7885629833733096e-09,1.3732748443820172e-09,1.373274844278134e-09,1.6891423173945805e-14,0.0,0,0.0,0.0,10.089163231851849,0.13768158047894888,0.13768158047894888,optimal,12.0,7.991012624698428e-14,1.8892666216800385e-16,-7.972119958474561e-14,2.0420767884366162e-16,1.1608794905109274e-14,0.16677181699666577,1.0,17.0
46,26.65649104118347,-0.267220084764815,3.3766726131275177e-09,1.223971180613494e-09,1.223971180496917e-09,1.6893007367241736e-14,0.0,0,0.0,0.0,10.089163231851849,0.13768158032130512,0.13768158032130512,optimal,12.0,7.991012621918064e-14,1.7719254146009147e-16,-7.97329336777055e-14,1.8342843007921055e-16,1.8341561665637197e-14,0.16677181699666577,1.0,17.0
47,27.224588632583618,-0.267220084764815,3.009577345992509e-09,1.0909023122682045e-09,1.090902312137379e-09,1.6894844589681604e-14,0.0,0,0.0,0.0,10.089163231851849,0.13768158018086796,0.13768158018086796,optimal,12.0,7.99101261942798e-14,1.779461521801783e-16,-7.973218004238801e-14,2.3455204258795115e-16,6.920140487279564e-15,0.16677181699666577,1.0,17.0
48,27.78949499130249,-0.267220084764815,2.9804120840217176e-09,9.601931178204945e-10,9.601931176718667e-10,1.6894455896370786e-14,0.0,0,0.0,0.0,10.089163231851849,0.1376815800556525,0.1376815800556525,optimal,12.0,7.9910126172437e-14,1.504218602380947e-16,-7.975970431205532e-14,2.3480540343517163e-16,1.0907332198338645e-14,0.1853020188851842,1.0,16.0
49,28.355149030685425,-0.267220084764815,2.3583327900945466e-09,8.548430520383848e-10,8.548430518714594e-10,1.689349488930166e-14,0.0,0,0.0,0.0,10.089163231851849,0.13768157993165916,0.13768157993165916,optimal,12.0,7.991012615550121e-14,1.731224440040702e-16,-7.973700371138094e-14,2.6694916142387804e-16,8.838273109168759e-15,0.16677181699666577,1.0,17.0
50,28.936673164367676,-0.267220084764815,2.101934645008749e-09,7.61903767912765e-10,7.619037677253912e-10,1.6897384675807968e-14,0.0,0,0.0,0.0,10.089163231851849,0.13768157983355664,0.13768157983355664,optimal,12.0,7.99101261326053e-14,1.7176477208693442e-16,-7.973836136040767e-14,1.6650649017172122e-16,5.132909067327672e-15,0.16677181699666577,1.0,17.0
51,29.504483461380005,-0.267220084764815,2.5698323174424175e-09,6.53995335182034e-10,6.539953349637823e-10,1.6895893047875943e-14,0.0,0,0.0,0.0,10.089163231851849,0.137681579746112,0.137681579746112,optimal,12.0,7.991012611705237e-14,1.2685644336351451e-16,-7.978326967386643e-14,1.9418204393380662e-16,1.2965406416649242e-14,0.22876792454961012,1.0,14.0
52,30.07521963119507,-0.267220084764815,1.7711177114969898e-09,5.706004625241956e-10,5.706004622740573e-10,1.6895503286625593e-14,0.0,0,0.0,0.0,10.089163231851849,0.1376815796392072,0.1376815796392072,optimal,12.0,7.991012611060804e-14,1.5128146035086585e-16,-7.975884465046377e-14,2.771995246205423e-16,1.7681206110324167e-14,0.1853020188851842,1.0,16.0
53,30.64735221862793,-0.267220084764815,1.4014571971932308e-09,5.079969384021409e-10,5.079969381211109e-10,1.689748088031899e-14,0.0,0,0.0,0.0,10.089163231851849,0.1376815795655313,0.1376815795655313,optimal,12.0,7.991012608832775e-14,1.5594194138237532e-16,-7.975418414686576e-14,1.7655959109019936e-16,6.251377334399351e-15,0.16677181699666577,1.0,17.0
54,31.21774935722351,-0.267220084764815,1.3878739164791921e-09,4.4713100738149307e-10,4.471310070622439e-10,1.689652009181186e-14,0.0,0,0.0,0.0,10.089163231851849,0.13768157950721852,0.13768157950721852,optimal,12.0,7.991012607466008e-14,1.4589759463203652e-16,-7.976422848009109e-14,2.0594891125428889e-16,6.105423780231289e-15,0.1853020188851842,1.0,16.0
55,31.78827452659607,-0.267220084764815,1.2202208993794247e-09,3.9311653415522154e-10,3.9311653379221524e-10,1.689401010120716e-14,0.0,0,0.0,0.0,10.089163231851849,0.13768157944948367,0.13768157944948367,optimal,12.0,7.991012606706739e-14,1.4886809342747929e-16,-7.976125797382181e-14,1.8517162013034863e-16,1.2955428263925064e-14,0.1853020188851842,1.0,16.0
56,32.36153817176819,-0.267220084764815,8.689853610994672e-10,3.5425032292758706e-10,3.5425032252467535e-10,1.6895655747985912e-14,0.0,0,0.0,0.0,10.089163231851849,0.1376815793987132,0.1376815793987132,optimal,12.0,7.99101260578092e-14,1.824337142265404e-16,-7.972769234350066e-14,1.7366373691084117e-16,1.0972281081077795e-14,0.1500946352969992,1.0,18.0
57,32.935176372528076,-0.267220084764815,8.710622916862011e-10,3.1574036753287585e-10,3.157403670807896e-10,1.689626457934987e-14,0.0,0,0.0,0.0,10.089163231851849,0.13768157936256709,0.13768157936256709,optimal,12.0,7.99101260474146e-14,1.6303456588388618e-16,-7.974709148167668e-14,2.1918031875046901e-16,7.994808285407782e-15,0.16677181699666577,1.0,17.0
58,33.51858997344971,-0.267220084764815,7.763591712038836e-10,2.814111964865386e-10,2.814111959793499e-10,1.6895476968859393e-14,0.0,0,0.0,0.0,10.089163231851849,0.13768157932633546,0.13768157932633546,optimal,12.0,7.99101260425409e-14,1.6497808750962683e-16,-7.97451479554508e-14,2.8807314219694433e-16,6.999447197938931e-15,0.16677181699666577,1.0,17.0
59,34.08257007598877,-0.267220084764815,6.919556003481836e-10,2.508173584197258e-10,2.5081735785059464e-10,1.6896625856990105e-14,0.0,0,0.0,0.0,10.089163231851849,0.13768157929403962,0.13768157929403962,optimal,12.0,7.991012603673273e-14,1.6393080634536075e-16,-7.97461952306206e-14,1.4603062856527891e-16,1.1373092655484932e-14,0.16677181699666577,1.0,17.0
60,34.645668506622314,-0.267220084764815,6.167140885754107e-10,2.2354798028376267e-10,2.2354797964512327e-10,1.689772463765445e-14,0.0,0,0.0,0.0,10.089163231851849,0.13768157926523372,0.13768157926523372,optimal,12.0,7.991012603163152e-14,1.6558854269026914e-16,-7.974453748898295e-14,2.2208731758684985e-16,9.804971369371968e-15,0.16677181699666577,1.0,17.0
61,35.20766544342041,-0.267220084764815,6.10743874381181e-10,1.967635720187356e-10,1.967635712933199e-10,1.6895880103806484e-14,0.0,0,0.0,0.0,10.089163231851849,0.13768157923959673,0.13768157923959673,optimal,12.0,7.991012602719034e-14,1.3797676245250467e-16,-7.977214926459422e-14,2.0971442436244173e-16,7.10945893771477e-15,0.1853020188851842,1.0,16.0
62,35.774163007736206,-0.267220084764815,4.3494465107334443e-10,1.7730737255476348e-10,1.7730737174976048e-10,1.6895737035904556e-14,0.0,0,0.0,0.0,10.089163231851849,0.13768157921416352,0.13768157921416352,optimal,12.0,7.991012602402418e-14,1.7244681342609017e-16,-7.973767921061045e-14,2.5138137869158066e-16,1.0246723769500238e-14,0.1500946352969992,1.0,18.0
63,36.34247398376465,-0.267220084764815,1.4906326518392448e-08,1.5995938617772193e-10,1.599593852853223e-10,1.689660894963094e-14,0.0,0,0.0,0.0,10.089163231851849,0.13768157919608756,0.13768157919608756,optimal,12.0,7.991012601864805e-14,1.7210674516362197e-16,-7.973801927348652e-14,2.197430813170391e-16,5.958869829374057e-15,0.1500946352969992,1.0,18.0
64,36.91126346588135,-0.267220084764815,3.539890520541118e-10,1.443068883923238e-10,1.4430688740303223e-10,1.6897431088661116e-14,0.0,0,0.0,0.0,10.089163231851849,0.13768157917976373,0.13768157917976373,optimal,12.0,7.991012601577096e-14,1.6982140643776089e-16,-7.974030460924993e-14,3.246842453665418e-16,4.6961806484280254e-15,0.1500946352969992,1.0,18.0
65,37.47682523727417,-0.267220084764815,3.9425491458847665e-10,1.270186275947644e-10,1.2701862647100268e-10,1.689607489744308e-14,0.0,0,0.0,0.0,10.089163231851849,0.1376815791650389,0.1376815791650389,optimal,12.0,7.991012601325115e-14,1.4859967026789978e-16,-7.976152634301097e-14,2.2135889013043326e-16,7.574539301917324e-15,0.1853020188851842,1.0,16.0
66,38.045737504959106,-0.267220084764815,2.807704953936569e-10,1.1445941959891213e-10,1.1445941835186991e-10,1.6895900538136192e-14,0.0,0,0.0,0.0,10.089163231851849,0.1376815791486411,0.1376815791486411,optimal,12.0,7.991012601253427e-14,1.6685114450081203e-16,-7.97432748681597e-14,1.833043793049901e-16,1.4897441820259492e-14,0.1500946352969992,1.0,18.0
67,38.61867165565491,-0.267220084764815,2.5330480278563486e-10,1.0326127695619471e-10,1.0326127557382472e-10,1.6896466445340353e-14,0.0,0,0.0,0.0,10.089163231851849,0.13768157913694995,0.13768157913694995,optimal,12.0,7.991012600872353e-14,1.721525224355151e-16,-7.973797348624947e-14,2.1078298291569348e-16,6.022712085853548e-15,0.1500946352969992,1.0,18.0
68,39.20659875869751,-0.267220084764815,2.2852337996000428e-10,9.31577563001211e-11,9.315775476808042e-11,1.6895056755060118e-14,0.0,0,0.0,0.0,10.089163231851849,0.1376815791264215,0.1376815791264215,optimal,12.0,7.991012600663412e-14,1.68793060120798e-16,-7.974133294654253e-14,1.4571824879825632e-16,7.795432716581758e-15,0.1500946352969992,1.0,18.0
69,39.794726610183716,-0.267220084764815,2.061554334188323e-10,8.404107824805706e-11,8.404107654989783e-11,1.6894681461768753e-14,0.0,0,0.0,0.0,10.089163231851849,0.13768157911691473,0.13768157911691473,optimal,12.0,7.991012600489524e-14,1.797836220043111e-16,-7.97303423828718e-14,2.4111118018824205e-16,4.562611633388299e-15,0.1500946352969992,1.0,18.0
70,40.38685703277588,-0.267220084764815,1.8597669031383507e-10,7.581839138189104e-11,7.581838949938576e-11,1.6895473959751055e-14,0.0,0,0.0,0.0,10.089163231851849,0.13768157910833959,0.13768157910833959,optimal,12.0,7.991012600408677e-14,1.836185645277255e-16,-7.972650743958492e-14,2.206044099667399e-16,2.4600453619214576e-14,0.1500946352969992,1.0,18.0
71,40.97599911689758,-0.267220084764815,1.677717502254415e-10,6.84017102820471e-11,6.840170819563931e-11,1.689460618397362e-14,0.0,0,0.0,0.0,10.089163231851849,0.13768157910060136,0.13768157910060136,optimal,12.0,7.991012600222805e-14,1.8074573451799002e-16,-7.972938026774086e-14,1.4581493048904056e-16,1.2684199837209534e-14,0.1500946352969992,1.0,18.0
72,41.56406378746033,-0.267220084764815,1.6819038701336185e-10,6.096325538180425e-11,6.09632530407588e-11,1.689483646516364e-14,0.0,0,0.0,0.0,10.089163231851849,0.13768157909360848,0.13768157909360848,optimal,12.0,7.99101260011318e-14,1.6381605268538373e-16,-7.974630994845653e-14,3.161460382373739e-16,1.6082324862695683e-14,0.16677181699666577,1.0,17.0
73,42.14918780326843,-0.267220084764815,1.3492364324147408e-10,5.499928927288227e-11,5.4999286677716274e-11,1.6895696621367693e-14,0.0,0,0.0,0.0,10.089163231851849,0.13768157908662199,0.13768157908662199,optimal,12.0,7.991012600044272e-14,1.7608425021207992e-16,-7.97340417502475e-14,2.642621508398372e-16,1.1239123462340623e-14,0.1500946352969992,1.0,18.0
74,42.712175130844116,-0.267220084764815,1.217061093967944e-10,4.961654893461422e-11,4.961654605722519e-11,1.689769862157729e-14,0.0,0,0.0,0.0,10.089163231851849,0.13768157908101022,0.13768157908101022,optimal,12.0,7.991012599886555e-14,1.7089240769722135e-16,-7.973923359117368e-14,3.378912227181017e-16,5.288203154999638e-15,0.1500946352969992,1.0,18.0
75,43.284493923187256,-0.267220084764815,1.3556451199016491e-10,4.3673292353716056e-11,4.367328908549821e-11,1.6895788114512965e-14,0.0,0,0.0,0.0,10.089163231851849,0.13768157907596223,0.13768157907596223,optimal,12.0,7.991012599788513e-14,1.4164184970866741e-16,-7.976848414817021e-14,2.634793726453595e-16,1.497709938519742e-14,0.1853020188851842,1.0,16.0
76,43.850555658340454,-0.267220084764815,9.653029668520628e-11,3.9352332794308656e-11,3.9352329167085235e-11,1.689613544544613e-14,0.0,0,0.0,0.0,10.089163231851849,0.13768157907030668,0.13768157907030668,optimal,12.0,7.991012599738385e-14,1.7370591710362842e-16,-7.973642008029035e-14,1.789153515026296e-16,2.9676143220067794e-14,0.1500946352969992,1.0,18.0
77,44.41720271110535,-0.267220084764815,9.67692199582682e-11,3.508006936729149e-11,3.508006529724488e-11,1.689837324975171e-14,0.0,0,0.0,0.0,10.089163231851849,0.13768157906628878,0.13768157906628878,optimal,12.0,7.991012599627376e-14,1.623559281727896e-16,-7.974777006807506e-14,1.6914327336056432e-16,1.3511279525627859e-14,0.16677181699666577,1.0,17.0
78,44.98139548301697,-0.267220084764815,1.0648166290486074e-10,3.048497598568695e-11,3.0484971301844766e-11,1.6898923369418574e-14,0.0,0,0.0,0.0,10.089163231851849,0.13768157906225162,0.13768157906225162,optimal,12.0,7.991012599557621e-14,1.3223572633591818e-16,-7.977789026925315e-14,2.1991308015655287e-16,8.457857030897945e-15,0.2058911320946491,1.0,15.0
79,45.55420684814453,-0.267220084764815,9.217970820842488e-11,2.6391437841314833e-11,2.6391432433002162e-11,1.689574698246357e-14,0.0,0,0.0,0.0,10.089163231851849,0.1376815790578294,0.1376815790578294,optimal,12.0,7.991012599595738e-14,1.268387841589583e-16,-7.97832872117781e-14,2.366326821398816e-16,2.1195099894723545e-14,0.2058911320946491,1.0,15.0
80,46.123730182647705,-0.267220084764815,5.818592201767691e-11,2.3720209180679534e-11,2.3720203162153457e-11,1.6897377275034573e-14,0.0,0,0.0,0.0,10.089163231851849,0.13768157905400058,0.13768157905400058,optimal,12.0,7.991012599475583e-14,1.6887780366468863e-16,-7.974124819109337e-14,2.612651527815703e-16,4.7517898863286365e-15,0.1500946352969992,1.0,18.0
81,46.68930459022522,-0.267220084764815,5.832348711417312e-11,2.1140508704109408e-11,2.1140501951545905e-11,1.6896899403477945e-14,0.0,0,0.0,0.0,10.089163231851849,0.13768157905158182,0.13768157905158182,optimal,12.0,7.991012599366983e-14,1.5362714768856612e-16,-7.975649884598341e-14,2.1078134329391484e-16,5.962637246351704e-15,0.16677181699666577,1.0,17.0
82,47.25406050682068,-0.267220084764815,5.198317056321843e-11,1.8841994385518104e-11,1.8841986810624643e-11,1.689532902022826e-14,0.0,0,0.0,0.0,10.089163231851849,0.1376815790491579,0.1376815790491579,optimal,12.0,7.991012599352882e-14,1.5805462672039924e-16,-7.975207136681314e-14,2.1819001728023121e-16,7.446089713887995e-15,0.16677181699666577,1.0,17.0
83,47.81891489028931,-0.267220084764815,4.170141487066146e-11,1.6998409809726134e-11,1.6998401412111414e-11,1.689651213512264e-14,0.0,0,0.0,0.0,10.089163231851849,0.1376815790469917,0.1376815790469917,optimal,12.0,7.991012599296518e-14,1.7726320109646046e-16,-7.973286279186526e-14,2.485268107717498e-16,4.5053731029869085e-15,0.1500946352969992,1.0,18.0
84,48.382070779800415,-0.267220084764815,4.1805490395855344e-11,1.5151485420515913e-11,1.5151476000342462e-11,1.689553647158436e-14,0.0,0,0.0,0.0,10.089163231851849,0.13768157904520675,0.13768157904520675,optimal,12.0,7.99101259930653e-14,1.6563927277092516e-16,-7.974448672029785e-14,2.863803976442917e-16,2.8614107195288225e-14,0.16677181699666577,1.0,17.0
85,48.95088601112366,-0.267220084764815,3.352933986284943e-11,1.3667357575492368e-11,1.366734713111656e-11,1.689656558500202e-14,0.0,0,0.0,0.0,10.089163231851849,0.1376815790435275,0.1376815790435275,optimal,12.0,7.991012599201769e-14,1.717764141433423e-16,-7.973834957786965e-14,3.384130263570519e-16,1.3232941899171693e-14,0.1500946352969992,1.0,18.0
86,49.513258934020996,-0.267220084764815,3.36042284063315e-11,1.2181582851547183e-11,1.2181571136350826e-11,1.6894352098737412e-14,0.0,0,0.0,0.0,10.089163231851849,0.13768157904211126,0.13768157904211126,optimal,12.0,7.991012599197869e-14,1.5941849190458974e-16,-7.975070750007879e-14,1.7888604665449203e-16,1.220981344609569e-14,0.16677181699666577,1.0,17.0
87,50.079190492630005,-0.267220084764815,2.6962864401437597e-11,1.0990376548321327e-11,1.099036356007329e-11,1.6896487936631388e-14,0.0,0,0.0,0.0,10.089163231851849,0.1376815790407235,0.1376815790407235,optimal,12.0,7.991012599206456e-14,1.8039774661937844e-16,-7.972972824543841e-14,1.825739919558391e-16,1.3109348807963784e-14,0.1500946352969992,1.0,18.0
88,50.64262795448303,-0.267220084764815,2.70282891544821e-11,9.794493285610074e-12,9.794478713806988e-12,1.6895166250113593e-14,0.0,0,0.0,0.0,10.089163231851849,0.1376815790396067,0.1376815790396067,optimal,12.0,7.99101259918096e-14,1.580816157212426e-16,-7.97520443760917e-14,2.4138776561492928e-16,6.901090179541476e-15,0.16677181699666577,1.0,17.0
89,51.20731282234192,-0.267220084764815,2.1670113550239812e-11,8.834922886978148e-12,8.834906731918068e-12,1.689547747513218e-14,0.0,0,0.0,0.0,10.089163231851849,0.13768157903849057,0.13768157903849057,optimal,12.0,7.991012599214292e-14,1.7161600739936797e-16,-7.973850998474213e-14,2.0209021791291998e-16,1.1091532690610832e-14,0.1500946352969992,1.0,18.0
90,51.777600049972534,-0.267220084764815,2.1725117376321074e-11,7.875227844710165e-12,7.87520971781234e-12,1.689693973477272e-14,0.0,0,0.0,0.0,10.089163231851849,0.13768157903757736,0.13768157903757736,optimal,12.0,7.991012599134413e-14,1.6098188400772264e-16,-7.974914410734212e-14,2.5696627598179936e-16,1.0328107700742506e-14,0.16677181699666577,1.0,17.0
91,52.34511470794678,-0.267220084764815,1.9354414649468298e-11,7.018447024203668e-12,7.018426686056944e-12,1.689627169098232e-14,0.0,0,0.0,0.0,10.089163231851849,0.1376815790366692,0.1376815790366692,optimal,12.0,7.9910125991282e-14,1.5213390327557997e-16,-7.975799208800704e-14,3.2658183682807637e-16,6.455800859520284e-15,0.16677181699666577,1.0,17.0
92,52.90986752510071,-0.267220084764815,1.726633176767831e-11,6.256557139078356e-12,6.256534329773994e-12,1.6894227174582918e-14,0.0,0,0.0,0.0,10.089163231851849,0.13768157903586462,0.13768157903586462,optimal,12.0,7.991012599113155e-14,1.6343753708728745e-16,-7.974668845403512e-14,2.6989768776145097e-16,1.2396373285492781e-14,0.16677181699666577,1.0,17.0
93,53.472073554992676,-0.267220084764815,1.3832904808163074e-11,5.644081442791139e-12,5.644056156954103e-12,1.6894673946994147e-14,0.0,0,0.0,0.0,10.089163231851849,0.1376815790351513,0.1376815790351513,optimal,12.0,7.99101259909499e-14,1.8489011025034823e-16,-7.972523588069467e-14,1.9456944452386895e-16,9.686817667671139e-15,0.1500946352969992,1.0,18.0
94,54.036407470703125,-0.267220084764815,1.4901166429256183e-08,5.092453449505198e-12,5.092425424390063e-12,1.6894744835995675e-14,0.0,0,0.0,0.0,10.089163231851849,0.13768157903457645,0.13768157903457645,optimal,12.0,7.991012599107721e-14,1.8043190148192502e-16,-7.972969408959485e-14,2.7212208450448056e-16,6.6762040417033826e-15,0.1500946352969992,1.0,18.0
95,54.59957313537598,-0.267220084764815,1.1275689646113453e-11,4.5934558980449095e-12,4.5934248226031254e-12,1.6896342119291084e-14,0.0,0,0.0,0.0,10.089163231851849,0.13768157903404804,0.13768157903404804,optimal,12.0,7.991012599051273e-14,1.8225702542250776e-16,-7.972786896509714e-14,2.1013800140922809e-16,1.1534257433518428e-14,0.1500946352969992,1.0,18.0
96,55.21063423156738,-0.267220084764815,1.1296555271765894e-11,4.094984958237273e-12,4.09495010681716e-12,1.689469939510543e-14,0.0,0,0.0,0.0,10.089163231851849,0.13768157903358197,0.13768157903358197,optimal,12.0,7.991012599052326e-14,1.6082500852411003e-16,-7.974930098200526e-14,1.840342898011835e-16,1.3814602816333816e-14,0.16677181699666577,1.0,17.0
97,55.77377700805664,-0.267220084764815,9.062346268271343e-12,3.6934290292837796e-12,3.693390389507658e-12,1.689452717867197e-14,0.0,0,0.0,0.0,10.089163231851849,0.1376815790331168,0.1376815790331168,optimal,12.0,7.991012599074621e-14,1.7573586905099276e-16,-7.973439012169408e-14,2.1610142080901284e-16,6.113709944420722e-15,0.1500946352969992,1.0,18.0
98,56.33825898170471,-0.267220084764815,8.174791546789434e-12,3.3324971330385724e-12,3.33245431061016e-12,1.689406422587821e-14,0.0,0,0.0,0.0,10.089163231851849,0.1376815790327371,0.1376815790327371,optimal,12.0,7.99101259904478e-14,1.740901312079546e-16,-7.973603585923449e-14,1.8067624376097406e-16,3.086801873600152e-15,0.1500946352969992,1.0,18.0
99,56.90262699127197,-0.267220084764815,6.634811727675978e-12,3.0401730287680497e-12,3.040126090945322e-12,1.6893667518099574e-14,0.0,0,0.0,0.0,10.089163231851849,0.13768157903240313,0.13768157903240313,optimal,12.0,7.991012599048521e-14,1.877791541261577e-16,-7.972234683635907e-14,2.1773431241073795e-16,5.986444003927811e-15,0.13508517176729928,1.0,19.0
100,57.46634340286255,-0.267220084764815,6.7236434286142495e-12,2.742351969797489e-12,2.7422999194550288e-12,1.6896094492825893e-14,0.0,0,0.0,0.0,10.089163231851849,0.13768157903211364,0.13768157903211364,optimal,12.0,7.99101259902841e-14,1.8338937276721364e-16,-7.972673661752318e-14,2.2829943372322654e-16,9.571560277959545e-15,0.1500946352969992,1.0,18.0
101,58.03077006340027,-0.267220084764815,6.740063604839632e-12,2.4428543678562476e-12,2.442795925626959e-12,1.689758250984053e-14,0.0,0,0.0,0.0,10.089163231851849,0.13768157903184156,0.13768157903184156,optimal,12.0,7.991012599017312e-14,1.5871453300823078e-16,-7.975141145716396e-14,2.909029917839968e-16,1.0679497007456628e-14,0.16677181699666577,1.0,17.0
102,58.59380078315735,-0.267220084764815,6.004963173762275e-12,2.1775705642642085e-12,2.177505007745164e-12,1.689685162026209e-14,0.0,0,0.0,0.0,10.089163231851849,0.1376815790315673,0.1376815790315673,optimal,12.0,7.991012599031683e-14,1.51056302385819e-16,-7.975906968793393e-14,3.7035570489962253e-16,1.006488896596185e-14,0.16677181699666577,1.0,17.0
103,59.15502095222473,-0.267220084764815,4.823052870898789e-12,1.964818419172492e-12,1.9647457614093043e-12,1.6897140103089362e-14,0.0,0,0.0,0.0,10.089163231851849,0.13768157903131087,0.13768157903131087,optimal,12.0,7.991012599057593e-14,1.6738833251229785e-16,-7.97427376580601e-14,2.53957866173015e-16,1.4831801316441542e-14,0.1500946352969992,1.0,18.0
104,59.718422412872314,-0.267220084764815,4.829388833973995e-12,1.7510554116717214e-12,1.7509738928310379e-12,1.6896193918835133e-14,0.0,0,0.0,0.0,10.089163231851849,0.13768157903111772,0.13768157903111772,optimal,12.0,7.991012599077777e-14,1.503120473557683e-16,-7.975981394342993e-14,2.975758752760706e-16,8.923994883621253e-15,0.16677181699666577,1.0,17.0
105,60.280677318573,-0.267220084764815,4.310192193562293e-12,1.5614690097680652e-12,1.5613775885657515e-12,1.6896579259168496e-14,0.0,0,0.0,0.0,10.089163231851849,0.13768157903090555,0.13768157903090555,optimal,12.0,7.99101259902549e-14,1.6236484890510884e-16,-7.97477611413494e-14,1.8338872271344655e-16,8.985919345715345e-15,0.16677181699666577,1.0,17.0
106,60.849557399749756,-0.267220084764815,3.8405182488957834e-12,1.391753590818891e-12,1.3916510336447604e-12,1.689550569669455e-14,0.0,0,0.0,0.0,10.089163231851849,0.13768157903073977,0.13768157903073977,optimal,12.0,7.991012599052212e-14,1.6020251819852998e-16,-7.974992347231837e-14,3.0156092347808487e-16,1.2472957584451735e-14,0.16677181699666577,1.0,17.0
107,61.40901851654053,-0.267220084764815,3.0780672857476095e-12,1.254564195405981e-12,1.2544504225616864e-12,1.6895494353893998e-14,0.0,0,0.0,0.0,10.089163231851849,0.13768157903057102,0.13768157903057102,optimal,12.0,7.991012599003059e-14,1.7517598571086726e-16,-7.973495000431382e-14,3.4282545235643616e-16,4.592049945466706e-15,0.1500946352969992,1.0,18.0
108,61.975117444992065,-0.267220084764815,2.7771344423443518e-12,1.1311001918493758e-12,1.1309740145877228e-12,1.6894446691862195e-14,0.0,0,0.0,0.0,10.089163231851849,0.1376815790304406,0.1376815790304406,optimal,12.0,7.99101259900581e-14,1.772772350465641e-16,-7.973284875500549e-14,2.299130160615319e-16,2.5778307681063224e-14,0.1500946352969992,1.0,18.0
109,62.54156541824341,-0.267220084764815,2.253146456202866e-12,1.0338569168055753e-12,1.0337188516605478e-12,1.689556593691718e-14,0.0,0,0.0,0.0,10.089163231851849,0.13768157903033587,0.13768157903033587,optimal,12.0,7.991012598984461e-14,1.8843087502677904e-16,-7.972169511482782e-14,2.0771462744011627e-16,1.1355264016743346e-14,0.13508517176729928,1.0,19.0
110,63.116488218307495,-0.267220084764815,2.2766613155495367e-12,9.31957006504487e-13,9.318038240332372e-13,1.6896611785802763e-14,0.0,0,0.0,0.0,10.089163231851849,0.1376815790302467,0.1376815790302467,optimal,12.0,7.991012599013834e-14,1.7493045800802473e-16,-7.973519553212717e-14,1.6561949572818065e-16,8.447698133905154e-15,0.1500946352969992,1.0,18.0
111,63.85914754867554,-0.267220084764815,2.2969727955681053e-12,8.317761859775739e-13,8.316045682625673e-13,1.689572739566649e-14,0.0,0,0.0,0.0,10.089163231851849,0.13768157903014142,0.13768157903014142,optimal,12.0,7.991012598997238e-14,1.6505034684622894e-16,-7.974507564312918e-14,1.9384912555161096e-16,6.351071642906023e-15,0.16677181699666577,1.0,17.0
112,64.44444298744202,-0.267220084764815,1.8385663191330626e-12,7.47890542465812e-13,7.476996537514666e-13,1.6896487497212725e-14,0.0,0,0.0,0.0,10.089163231851849,0.13768157903004372,0.13768157903004372,optimal,12.0,7.991012599027045e-14,1.6809582739232273e-16,-7.974203016288017e-14,2.491287789180386e-16,5.316363709600112e-15,0.1500946352969992,1.0,18.0
113,65.01262092590332,-0.267220084764815,1.6564160720601499e-12,6.755250771062705e-13,6.753137558491679e-13,1.6895589966706357e-14,0.0,0,0.0,0.0,10.089163231851849,0.13768157902997463,0.13768157902997463,optimal,12.0,7.991012599035844e-14,1.734861298797398e-16,-7.973663986048255e-14,1.1214748625963018e-16,9.205781796808027e-15,0.1500946352969992,1.0,18.0
114,65.60233807563782,-0.267220084764815,1.4931154861077929e-12,6.118497113579153e-13,6.116163780032989e-13,1.689601866979446e-14,0.0,0,0.0,0.0,10.089163231851849,0.13768157902990572,0.13768157902990572,optimal,12.0,7.9910125990064e-14,1.729209097946029e-16,-7.973720508026968e-14,1.9479714614124668e-16,1.299953757652685e-14,0.1500946352969992,1.0,18.0
115,66.17573857307434,-0.267220084764815,1.5045890969164696e-12,5.428680859425114e-13,5.426051128507899e-13,1.6895272802399578e-14,0.0,0,0.0,0.0,10.089163231851849,0.1376815790298375,0.1376815790298375,optimal,12.0,7.991012599009359e-14,1.6419201322225964e-16,-7.974593397687675e-14,2.3334953218969453e-16,7.815021482099285e-15,0.16677181699666577,1.0,17.0
116,66.79883670806885,-0.267220084764815,1.2031043491512427e-12,4.900166677333209e-13,4.897253784504353e-13,1.6893441273039947e-14,0.0,0,0.0,0.0,10.089163231851849,0.137681579029774,0.137681579029774,optimal,12.0,7.991012598991509e-14,1.8076593561021004e-16,-7.972936005430202e-14,2.416341205361494e-16,6.255743097365081e-15,0.1500946352969992,1.0,18.0
117,67.3800745010376,-0.267220084764815,9.733665520502747e-13,4.481086645001943e-13,4.4779001745697677e-13,1.6896019236144063e-14,0.0,0,0.0,0.0,10.089163231851849,0.13768157902972192,0.13768157902972192,optimal,12.0,7.991012598980523e-14,2.0404511285632034e-16,-7.970608087694742e-14,2.2664188691664454e-16,1.0309970558090805e-14,0.13508517176729928,1.0,19.0
118,67.94721817970276,-0.267220084764815,1.1051043669934116e-12,3.9879619448287657e-13,3.9843803643092737e-13,1.6897806339620327e-14,0.0,0,0.0,0.0,10.089163231851849,0.13768157902968828,0.13768157902968828,optimal,12.0,7.991012598997633e-14,1.611597352855991e-16,-7.974896625469237e-14,2.7285127171866814e-16,1.0115525417465721e-14,0.16677181699666577,1.0,17.0
119,68.50760173797607,-0.267220084764815,1.0827160336511385e-12,3.515290432524264e-13,3.5112282132881037e-13,1.689475042912915e-14,0.0,0,0.0,0.0,10.089163231851849,0.13768157902963937,0.13768157902963937,optimal,12.0,7.991012598995885e-14,1.447900431286566e-16,-7.976533594682281e-14,2.0121846386050997e-16,9.47547313012117e-15,0.1853020188851842,1.0,16.0
120,69.11166214942932,-0.267220084764815,7.666480287883076e-13,3.1722517348834136e-13,3.1677490668673145e-13,1.6895833460379122e-14,0.0,0,0.0,0.0,10.089163231851849,0.1376815790295778,0.1376815790295778,optimal,12.0,7.991012599045942e-14,1.7891421696003525e-16,-7.973121177350006e-14,2.101500351252436e-16,2.2838692302991306e-14,0.1500946352969992,1.0,18.0
121,69.67569923400879,-0.267220084764815,7.718659404006993e-13,2.833429290353098e-13,2.828387714147236e-13,1.6895112278950252e-14,0.0,0,0.0,0.0,10.089163231851849,0.1376815790295804,0.1376815790295804,optimal,12.0,7.99101259897012e-14,1.6620399901218706e-16,-7.974392199069254e-14,2.913923713403428e-16,2.7636550081348295e-14,0.16677181699666577,1.0,17.0
122,70.28927540779114,-0.267220084764815,6.940561480556207e-13,2.5173588823996086e-13,2.511682118431298e-13,1.6896354266135053e-14,0.0,0,0.0,0.0,10.089163231851849,0.13768157902952677,0.13768157902952677,optimal,12.0,7.991012598983515e-14,1.648895511277796e-16,-7.974523643871632e-14,2.1234870218157253e-16,6.210476972546102e-15,0.16677181699666577,1.0,17.0
123,70.85171508789062,-0.267220084764815,6.272732457843096e-13,2.2435881893466246e-13,2.237216427417926e-13,1.6896928794026013e-14,0.0,0,0.0,0.0,10.089163231851849,0.1376815790294984,0.1376815790294984,optimal,12.0,7.991012598989368e-14,1.6129814123364166e-16,-7.97488278486607e-14,2.0521377927853734e-16,1.1044426232573103e-14,0.16677181699666577,1.0,17.0
124,71.42379021644592,-0.267220084764815,5.463740789351404e-13,1.9935932661905455e-13,1.986419847734806e-13,1.689683388257039e-14,0.0,0,0.0,0.0,10.089163231851849,0.1376815790294759,0.1376815790294759,optimal,12.0,7.991012599025367e-14,1.5595773067733825e-16,-7.97541682595795e-14,2.612042609807538e-16,1.001736765553675e-14,0.16677181699666577,1.0,17.0
125,71.99766111373901,-0.267220084764815,4.956003446303282e-13,1.7839005822209172e-13,1.7758809873730942e-13,1.689615516467911e-14,0.0,0,0.0,0.0,10.089163231851849,0.1376815790294486,0.1376815790294486,optimal,12.0,7.991012598989816e-14,1.5096607891027655e-16,-7.975915991099258e-14,1.886936667718e-16,1.3879743353913282e-14,0.16677181699666577,1.0,17.0
126,72.60985469818115,-0.267220084764815,3.9911447765689333e-13,1.6410032144769405e-13,1.6322830475449434e-13,1.689485206240188e-14,0.0,0,0.0,0.0,10.089163231851849,0.13768157902943554,0.13768157902943554,optimal,12.0,7.991012599029306e-14,1.7018162817218166e-16,-7.973994436211992e-14,2.1532158731745428e-16,1.4495243487784482e-14,0.1500946352969992,1.0,18.0
127,73.16894245147705,-0.267220084764815,3.5777318336519743e-13,1.4628250992228887e-13,1.4530360609619475e-13,1.6894814725424434e-14,0.0,0,0.0,0.0,10.089163231851849,0.1376815790294071,0.1376815790294071,optimal,12.0,7.991012599013892e-14,1.7474954101746181e-16,-7.973537644912277e-14,3.136255250735399e-16,9.56269459084096e-15,0.1500946352969992,1.0,18.0
128,73.74796843528748,-0.267220084764815,3.175658632495616e-13,1.3044029176297506e-13,1.2934159912138424e-13,1.689439113828001e-14,0.0,0,0.0,0.0,10.089163231851849,0.13768157902939648,0.13768157902939648,optimal,12.0,7.991012598982695e-14,1.7671265554014554e-16,-7.973341333429126e-14,1.611841058026357e-16,6.485126770798265e-15,0.1500946352969992,1.0,18.0
129,74.3146162033081,-0.267220084764815,1.4901161196135532e-08,1.2176370480564296e-13,1.2058579185082824e-13,1.6895757210154384e-14,0.0,0,0.0,0.0,10.089163231851849,0.13768157902938652,0.13768157902938652,optimal,12.0,7.99101259898906e-14,1.9505250292525063e-16,-7.971507348696386e-14,3.286116532035034e-16,1.5633145340674057e-14,0.13508517176729928,1.0,19.0
130,74.87912654876709,-0.267220084764815,1.490116119664821e-08,1.0730068545567878e-13,1.0596232593871304e-13,1.689445414674465e-14,0.0,0,0.0,0.0,10.089163231851849,0.13768157902938155,0.13768157902938155,optimal,12.0,7.991012599018869e-14,1.5564293446460517e-16,-7.975448305571968e-14,3.0531579359940026e-16,9.796482185305548e-15,0.16677181699666577,1.0,17.0
131,75.44004201889038,-0.267220084764815,1.4901161195392032e-08,9.803474454429583e-14,9.656782532010798e-14,1.6895746530131465e-14,0.0,0,0.0,0.0,10.089163231851849,0.1376815790293585,0.1376815790293585,optimal,12.0,7.991012598983388e-14,1.8654912751504565e-16,-7.97235768623196e-14,2.1447607364168627e-16,1.7334587484727503e-14,0.13508517176729928,1.0,19.0
132,76.01045656204224,-0.267220084764815,2.175997676224536e-13,8.890952442393927e-14,8.728911490071637e-14,1.6897158138000307e-14,0.0,0,0.0,0.0,10.089163231851849,0.13768157902935005,0.13768157902935005,optimal,12.0,7.991012598978052e-14,1.7919961150298489e-16,-7.973092637827961e-14,1.7081653410465709e-16,9.314448727488701e-15,0.1500946352969992,1.0,18.0
133,76.5687050819397,-0.267220084764815,2.0377951950650228e-13,8.038154677116219e-14,7.85856653543421e-14,1.6896338719968044e-14,0.0,0,0.0,0.0,10.089163231851849,0.13768157902933453,0.13768157902933453,optimal,12.0,7.991012599033994e-14,1.5911858035836274e-16,-7.975100740998205e-14,4.119299539156172e-16,1.4395589569699174e-14,0.16677181699666577,1.0,17.0
134,77.13498139381409,-0.267220084764815,1.7135926892319275e-13,7.311257495536701e-14,7.113398774703063e-14,1.6893916177412975e-14,0.0,0,0.0,0.0,10.089163231851849,0.13768157902934594,0.13768157902934594,optimal,12.0,7.991012599002173e-14,1.665466606961793e-16,-7.974357932932034e-14,1.9371641586014151e-16,1.5656674247900917e-14,0.1500946352969992,1.0,18.0
135,77.6962354183197,-0.267220084764815,1.490116119466098e-08,6.49513381752208e-14,6.271573326981022e-14,1.6894174474709133e-14,0.0,0,0.0,0.0,10.089163231851849,0.13768157902932773,0.13768157902932773,optimal,12.0,7.991012598974886e-14,1.82026360313543e-16,-7.972809962944619e-14,2.230065241384478e-16,7.71627797323446e-15,0.1500946352969992,1.0,18.0
136,78.26923179626465,-0.267220084764815,1.4901161194373998e-08,6.121107771473686e-14,5.883281615103344e-14,1.6896620334796372e-14,0.0,0,0.0,0.0,10.089163231851849,0.13768157902931788,0.13768157902931788,optimal,12.0,7.99101259898723e-14,1.850974867972227e-16,-7.972502850307238e-14,3.074532549760734e-16,6.465732353465872e-15,0.13508517176729928,1.0,19.0
137,78.82662677764893,-0.267220084764815,1.465527647565439e-13,5.822569282624409e-14,5.5719901550119524e-14,1.689745177064047e-14,0.0,0,0.0,0.0,10.089163231851849,0.1376815790293244,0.1376815790293244,optimal,12.0,7.991012599035271e-14,1.5781099429338338e-16,-7.975231499604694e-14,2.1856905526939012e-16,2.0095124275382414e-14,0.16677181699666577,1.0,17.0
138,79.39009809494019,-0.267220084764815,1.1723520465476376e-13,5.009356364841618e-14,4.715805650350936e-14,1.689623703105935e-14,0.0,0,0.0,0.0,10.089163231851849,0.13768157902933173,0.13768157902933173,optimal,12.0,7.991012599030521e-14,1.519168715605342e-16,-7.975820911875543e-14,2.6213782446954804e-16,1.4795474730106666e-14,0.16677181699666577,1.0,17.0
139,79.94852018356323,-0.267220084764815,1.089478363599706e-13,4.4539755044217786e-14,4.1209611251824106e-14,1.6898453179875846e-14,0.0,0,0.0,0.0,10.089163231851849,0.1376815790293045,0.1376815790293045,optimal,12.0,7.991012598983595e-14,1.6337382117025164e-16,-7.974675216867183e-14,1.7754770735256815e-16,4.803332778262458e-15,0.16677181699666577,1.0,17.0
140,80.5130307674408,-0.267220084764815,1.1419060825817146e-13,4.0966297252135576e-14,3.7319813582036427e-14,1.6895828619880714e-14,0.0,0,0.0,0.0,10.089163231851849,0.13768157902930614,0.13768157902930614,optimal,12.0,7.991012598990762e-14,1.3926564671374962e-16,-7.977086034319663e-14,2.5370726972150556e-16,7.145726712067921e-15,0.1853020188851842,1.0,16.0
141,81.07075428962708,-0.267220084764815,7.785228811523397e-14,3.9702023016170607e-14,3.5925771479017094e-14,1.6899395705586114e-14,0.0,0,0.0,0.0,10.089163231851849,0.13768157902929865,0.13768157902929865,optimal,12.0,7.991012598964661e-14,1.6696674007883994e-16,-7.97431592495621e-14,2.4598972108796825e-16,1.3938271147409396e-14,0.1500946352969992,1.0,18.0
142,81.63469862937927,-0.267220084764815,1.4901161194189864e-08,3.311312578289819e-14,2.847784116391534e-14,1.68964985058102e-14,0.0,0,0.0,0.0,10.089163231851849,0.13768157902930078,0.13768157902930078,optimal,12.0,7.991012599004324e-14,1.3186717353970628e-16,-7.977825881649973e-14,2.087248576503872e-16,3.1418543259774065e-15,0.2058911320946491,1.0,15.0
143,82.19312047958374,-0.267220084764815,1.490116119402192e-08,3.12244209013182e-14,2.6257652362046128e-14,1.6896749777889542e-14,0.0,0,0.0,0.0,10.089163231851849,0.13768157902929143,0.13768157902929143,optimal,12.0,7.991012598976804e-14,1.5949461846984792e-16,-7.975063137130096e-14,2.3773928785547307e-16,5.988602373999298e-15,0.16677181699666577,1.0,17.0
144,82.75751733779907,-0.267220084764815,5.664966189019353e-14,3.0161100328740735e-14,2.4983438858643914e-14,1.689732984340324e-14,0.0,0,0.0,0.0,10.089163231851849,0.13768157902929942,0.13768157902929942,optimal,12.0,7.991012598967249e-14,1.6053724250271136e-16,-7.974958874717464e-14,2.8178556974733007e-16,1.354434586792603e-14,0.16677181699666577,1.0,17.0
145,83.3161997795105,-0.267220084764815,6.006702875141018e-14,2.6639477039146068e-14,2.0594069047144344e-14,1.689810808938805e-14,0.0,0,0.0,0.0,10.089163231851849,0.13768157902927866,0.13768157902927866,optimal,12.0,7.991012598975812e-14,1.5653864534856842e-16,-7.975358734440876e-14,2.794560070099032e-16,4.608711066820894e-15,0.16677181699666577,1.0,17.0
146,83.88212275505066,-0.267220084764815,3.3794439351319125e-14,2.5565347455118563e-14,1.918448520200834e-14,1.689800337421141e-14,0.0,0,0.0,0.0,10.089163231851849,0.13768157902927838,0.13768157902927838,optimal,12.0,7.991012599000925e-14,1.5177847133416922e-16,-7.975834751867648e-14,3.338981114536197e-16,1.1438542983762526e-14,0.16677181699666577,1.0,17.0
147,84.43990230560303,-0.267220084764815,4.347445792302555e-14,3.447077618355591e-14,3.004579614430237e-14,1.6896287898583826e-14,0.0,0,0.0,0.0,10.089163231851849,0.13768157902927836,0.13768157902927836,optimal,12.0,7.991012599043306e-14,1.5405569155452533e-16,-7.975607029887605e-14,2.5568184209609144e-16,2.5166979404184137e-14,0.16677181699666577,1.0,17.0
148,85.00312805175781,-0.267220084764815,3.895468092799535e-14,2.7008026304058947e-14,2.1070101237383162e-14,1.6896281208809367e-14,0.0,0,0.0,0.0,10.089163231851849,0.1376815790292718,0.1376815790292718,optimal,12.0,7.991012598981204e-14,1.699344855838691e-16,-7.974019150422517e-14,2.1893939049129234e-16,1.6122545819574675e-14,0.1500946352969992,1.0,18.0
149,85.5607635974884,-0.267220084764815,3.3992207110260984e-14,2.7223675943827377e-14,2.13454834451814e-14,1.689671176252978e-14,0.0,0,0.0,0.0,10.089163231851849,0.13768157902926698,0.13768157902926698,optimal,12.0,7.991012599006377e-14,1.74881875957518e-16,-7.9735244114114e-14,3.935149272509136e-16,1.5239191086528474e-14,0.1500946352969992,1.0,18.0
150,86.1282012462616,-0.267220084764815,2.874909941390936e-14,2.1275052716376944e-14,1.292929458709103e-14,1.6895597342646294e-14,0.0,0,0.0,0.0,10.089163231851849,0.13768157902927095,0.13768157902927095,optimal,12.0,7.991012598992897e-14,1.6554764227013018e-16,-7.974457834765747e-14,1.9687951046777568e-16,7.187206396757835e-15,0.16677181699666577,1.0,17.0
151,86.68517637252808,-0.267220084764815,2.582802467372088e-14,2.137544742069179e-14,1.3091526142635714e-14,1.6897387244525256e-14,0.0,0,0.0,0.0,10.089163231851849,0.13768157902926373,0.13768157902926373,optimal,12.0,7.991012599016627e-14,1.6726205324340867e-16,-7.974286393692082e-14,3.092216349833361e-16,7.580280752872901e-15,0.1500946352969992,1.0,18.0
152,87.25379371643066,-0.267220084764815,1.9143949287288813e-14,2.1708971975440383e-14,1.3632897636592487e-14,1.689448330848407e-14,0.0,0,0.0,0.0,10.089163231851849,0.1376815790292677,0.1376815790292677,optimal,12.0,7.991012598979907e-14,1.637950370894632e-16,-7.974633095271e-14,2.0973479753461293e-16,1.0231934530671142e-14,0.16677181699666577,1.0,17.0
153,87.8135290145874,-0.267220084764815,2.1333080587355752e-14,1.9513360258625228e-14,9.760926364844748e-15,1.6896613420534103e-14,0.0,0,0.0,0.0,10.089163231851849,0.1376815790292684,0.1376815790292684,optimal,12.0,7.991012598986219e-14,1.809162438153929e-16,-7.972920974604083e-14,2.3303335744440813e-16,5.044133219827514e-15,0.1500946352969992,1.0,18.0
154,88.37910532951355,-0.267220084764815,2.8378756119547706e-14,1.9695804302486018e-14,1.0122486234292352e-14,1.6895560942401072e-14,0.0,0,0.0,0.0,10.089163231851849,0.1376815790292754,0.1376815790292754,optimal,12.0,7.991012599002345e-14,1.6195159483859409e-16,-7.974817439518334e-14,2.744364935893863e-16,6.321199051263427e-15,0.16677181699666577,1.0,17.0
155,88.93991446495056,-0.267220084764815,1.8890131563015775e-14,2.1028173687490358e-14,1.2516065802877362e-14,1.6897697637527597e-14,0.0,0,0.0,0.0,10.089163231851849,0.13768157902927589,0.13768157902927589,optimal,12.0,7.991012598981512e-14,1.754490360114882e-16,-7.973467695380859e-14,3.5495561927063356e-16,1.096386353384423e-14,0.1500946352969992,1.0,18.0
156,89.50475883483887,-0.267220084764815,2.382741805716443e-14,1.94094495931168e-14,9.547269220055631e-15,1.6899005412967957e-14,0.0,0,0.0,0.0,10.089163231851849,0.13768157902927566,0.13768157902927566,optimal,12.0,7.99101259899967e-14,1.5183047963862137e-16,-7.975829551035326e-14,2.3920818805939323e-16,7.770411833085137e-15,0.16677181699666577,1.0,17.0
157,90.0636305809021,-0.267220084764815,1.4901161193852232e-08,2.383540207921712e-14,1.680997952204222e-14,1.6898253778023012e-14,0.0,0,0.0,0.0,10.089163231851849,0.1376815790292559,0.1376815790292559,optimal,12.0,7.991012599029274e-14,1.408492451789285e-16,-7.976927674511434e-14,1.9501232845932217e-16,1.628215788582448e-14,0.1853020188851842,1.0,16.0
158,1059.3182563781738,-0.267220084764815,7.88567360885497e-15,1.9252909044590596e-14,9.22928850579738e-15,1.6896589607256098e-14,0.0,0,0.0,0.0,10.089163231851849,0.13768157902927328,0.13768157902927328,optimal,12.0,7.991012599024134e-14,1.5249300807606401e-16,-7.975763298217074e-14,3.0456969918357934e-16,7.583576161916272e-15,0.16677181699666577,1.0,17.0
