iteration,time,cost,distance,residual,gradnorm,complviolation,dualviolation,manviolation,maxviolation,meanviolation,Phi,sigma,rho,maxabsLagmult,normNTdirx,normNTdirw,stepsize,linesearch_status,linesearch_counter,linesearch_RightItem,gradfNTdir,NTdir_error1,NTdir_error2,NTdir_norm,NTdir_angle,CovDerivKKT_minabseigval
0,0.0,0.8038306963245558,1.2262814116578435e-15,3.12276074493427,1.7700194589534153,2.5726767743011747,0.0,0.0,0.0,0.0,24.928074904841882,0.5,1.0,1.0,,,,,,,,,,,,
1,1.8897240161895752,0.7973445573618682,2.5654212742828237,3.0524377395094637,1.6417631962847357,2.570642157086328,0.0,0.0,0.11742512983652864,0.00733907061478304,23.093862414077204,0.5,0.9683663432138951,1.0429764407932864,44.98822903537009,45.067545619111385,0.0625,True,4.0,-33.856149809683764,-0.11436132416496014,1.7679579685180515e-13,3.552713678800501e-14,45.067545619111385,0.029889172500004953,7.098182630409582e-05
2,3.720424175262451,0.7965848597913531,1.506076967606036,2.964339352234827,1.5390546007094235,2.5329046528053345,0.0,0.0,0.054888532866515294,0.003430533304157206,21.32444817615166,0.5,0.9377814190816227,1.0856844082459538,24.970841258373053,25.095526861657675,0.0625,True,4.0,-31.183990833443186,0.0009778134411661948,3.1860156071374655e-13,4.618527782440651e-14,25.095526861657675,0.056334476081526995,8.487015625144157e-05
3,5.539036989212036,0.7991614661704628,1.699835868857424,2.8332717627717607,1.354746931743684,2.4878895112492323,0.0,0.0,0.04995410360449981,0.003122131475281238,18.3546621459582,0.5,0.8779168614970981,1.1777392352535168,14.041820509823669,14.247776725952024,0.125,True,3.0,-28.577952512707444,0.02960582489230118,8.105303061061846e-14,3.197442310920451e-14,14.247776725952024,0.09566891621658948,-0.00014583343780795541
4,7.394182920455933,0.8060520205935223,4.416408232303552,2.2767638722221797,0.8510610078802247,2.1114472505064183,0.0,0.0,0.03375498557126266,0.0021096865982039165,8.871044487992533,0.5,0.6411531850939538,1.592317980451341,9.077847461224577,9.348844547806019,0.5,True,1.0,-24.377516040701764,0.015231388969446015,3.9088035080867666e-14,7.105427357601002e-15,9.348844547806019,0.13489623758202357,0.00021676364656055482
5,9.22339653968811,0.8058939860679641,3.566128293922451,2.060762500522579,0.6647835555679333,1.9505909124689698,0.0,0.0,0.0,0.0,6.776350357206993,0.5,0.5580822342363063,2.015820566284731,14.567660094733098,14.761101185011503,0.25,True,2.0,-11.164850467887117,0.004793957754225548,3.275773383339019e-14,3.552713678800501e-15,14.761101185011503,0.07858156682402041,0.00016261295658775006
6,11.051515102386475,0.8058161751425358,1.4612587962581507,2.055800314091577,0.6409699388420877,1.9533234419623897,0.0,0.0,0.0,0.0,6.755364842088819,0.5,0.5493160417821629,2.09809086044208,47.68181403695953,47.776608885544825,0.03125,True,5.0,-8.569408231690986,0.0008904034402766325,2.2159977076185426e-13,4.618527782440651e-14,47.776608885544825,0.018463512040296157,1.9550319383667514e-05
7,12.886182308197021,0.807730062189108,4.7314552979533815,1.9805123379243141,0.5614000726541567,1.8992785680606046,0.0,0.0,0.0,0.0,6.238401303422747,0.5,0.5145060789157625,2.3779164581554277,37.96275805676802,38.061897971826916,0.125,True,3.0,-8.682759864030071,0.010983011117146082,2.7733115925853596e-13,1.4210854715202004e-14,38.061897971826916,0.020393151601489808,-7.186481457409982e-05
8,14.710667848587036,0.8078056318975391,2.801425380582828,1.8963484022967254,0.4936815134028989,1.8309571548599624,0.0,0.0,0.0034239282524342572,0.00021399551577714108,5.827426049447503,0.5,0.48182190485559767,2.738987817560745,22.866311306751907,23.089101883302526,0.125,True,3.0,-8.241338522985128,0.006794608833231526,1.1796542359146852e-13,3.552713678800501e-15,23.089101883302526,0.03306234949466101,6.0319533528298286e-05
9,16.547724723815918,0.808472344075084,1.9800773651548023,1.858017485954582,0.46262508014746284,1.7994799051728998,0.0,0.0,0.007032675664995533,0.0007797264821059668,5.697441273931342,0.5,0.4666397506162568,2.9527081509030557,31.941741674163186,32.150463542868465,0.0625,True,4.0,-7.94041453091618,0.010992342465157033,3.023764376833917e-13,1.687538997430238e-14,32.150463542868465,0.017695356321626693,2.5721710956503986e-05
10,18.376871585845947,0.8080737750284884,2.1432089436895656,1.8369869742826457,0.44818754779493686,1.7799155279780783,0.0,0.0,0.07398621223420698,0.005168352676313429,5.657298806461612,0.5,0.4593187865118413,3.068487537913793,69.04818204305471,69.15735608703518,0.03125,True,5.0,-7.9108400381794475,-0.008294496951900106,1.1435602168151627e-12,1.1457501614131615e-13,69.15735608703518,0.006477884755320566,2.6113034994779798e-05
11,20.199522018432617,0.8118993781637889,3.006217875029885,1.7563106673451852,0.4017598874587227,1.7085546286465654,0.0,0.0,0.06221052949746353,0.004743024698881682,5.3251000505959105,0.5,0.43015936973365193,3.513877983906651,24.521460828053943,24.824203908863943,0.125,True,3.0,-7.939017650639856,0.01807483425039266,2.5849285814739165e-13,1.0658141036401503e-13,24.824203908863943,0.018764032837400562,4.487670235316209e-05
12,22.020479917526245,0.8107766966653531,3.8767698413249425,1.7251116167146046,0.3778518278254454,1.6799221359211036,0.0,0.0,0.10422728585894903,0.007475114069819023,5.278369327723851,0.5,0.41661397741823697,3.7832621991610487,62.051405295953096,62.21276705192402,0.0625,True,4.0,-7.689606767277379,-0.024548869963035333,9.154147274446539e-13,7.194245199571014e-14,62.21276705192402,0.005814950240785754,5.174241552778371e-05
13,23.867062091827393,0.810712665470931,0.04480230247770553,1.7250899712141243,0.37784116443714266,1.6799000082038165,0.0,0.0,0.10426424380842758,0.007477457850222557,5.278350288265488,0.5,0.41660761772212146,3.7833866593170367,1468.085971379608,1468.228583199322,3.0517578125e-05,True,15.0,-7.779663356563811,-2.100753864050364,2.6992992068713897e-11,1.1866063687193673e-12,1468.228583199322,0.0002659588668885843,2.249519476792952e-06
14,25.752458095550537,0.8107134911307264,0.0005622469169521997,1.7250900264174707,0.3778411617649509,1.67990007645488,0.0,0.0,0.1042640667128143,0.007477446985667574,5.278350265771723,0.5,0.41660761616965303,3.783386840464674,75463.50380502886,75471.74480416636,7.450580596923828e-09,True,27.0,-7.779710062225354,110.81650143111486,1.3037711745369889e-09,1.4384138324885498e-10,75471.74480416636,5.1815259336127184e-06,-4.39737747987614e-08
15,27.643434524536133,0.8107138075515175,0.00021554383547482258,1.7250900491767864,0.37784116143405466,1.6799001041194037,0.0,0.0,0.10426399856616242,0.007477442801719625,5.2783502637370425,0.5,0.416607615975584,3.783386901316623,231438.43107037403,231463.652973251,9.313225746154785e-10,True,30.0,-7.779710037934471,339.7522611338519,7.1360750667521926e-09,1.126899462633446e-09,231463.652973251,1.6894724640551625e-06,-1.4337292335468075e-08
16,29.547842502593994,0.8107138550995924,3.239362747284403e-05,1.7250900526710033,0.377841161423532,1.6799001083474268,0.0,0.0,0.10426398826942207,0.007477442169301856,5.278350263628293,0.5,0.4166076159695199,3.783386909967035,1113036.564753101,1113157.7662990994,2.9103830456733704e-11,True,35.0,-7.779710036452331,1633.7379860135482,2.280419567590338e-08,5.757316401400203e-09,1113157.7662990994,3.5129670617157795e-07,-2.9811380716658493e-09
17,31.46162509918213,0.8107138828986634,1.893935503147737e-05,1.725090054723402,0.3778411614209454,1.6799001108281983,0.0,0.0,0.10426398225108535,0.007477441799647689,5.278350263611913,0.5,0.4166076159680039,3.7833869149811314,2603005.1349243573,2603288.5495013096,7.275957614183426e-12,True,37.0,-7.779710036315675,3820.673258240081,5.356443684915176e-08,1.159672269324119e-08,2603288.5495013096,1.5021317330268343e-07,-1.2747146400061427e-09
18,33.42584562301636,0.8107138908923742,5.446133057145478e-06,1.7250900553148303,0.37784116142078694,1.6799001115427388,0.0,0.0,0.10426398052001185,0.0074774416933198265,5.278350263611701,0.5,0.416607615967909,3.783386916415657,11976173.246432895,11977477.118817026,4.547473508864641e-13,True,41.0,-7.7797100363031255,17578.35403261265,2.853618331697754e-07,7.474494267967202e-08,11977477.118817026,3.2648610389710586e-08,-2.7706233975901153e-10
19,35.44672083854675,0.8107138904516221,3.0028659115319604e-07,1.7250900552822066,0.3778411614207862,1.6799001115033276,0.0,0.0,0.10426398061548037,0.007477441699183863,5.2783502636117055,0.5,0.41660761596790885,3.7833869163366765,338092645.13098276,338129453.2881383,8.881784197001252e-16,False,51.0,-7.779710036303966,-496243.11962975847,4.5608961547748616e-06,1.2374052182906325e-07,338129453.2881383,1.1565035789176146e-09,9.814878798319765e-12
20,37.47347092628479,0.8107138911726824,4.912615724452367e-07,1.7250900553355792,0.3778411614207859,1.6799001115678045,0.0,0.0,0.10426398045930374,0.0074774416895909196,5.278350263611726,0.5,0.4166076159679087,3.783386916465897,553111358.198522,553171575.5161244,8.881784197001252e-16,False,51.0,-7.779710036303976,811841.834787503,9.05229651317128e-06,7.63559119931756e-07,553171575.5161244,7.069198350918439e-10,-6.002934848640052e-12
21,39.43781590461731,0.8107138907372925,2.966330173302862e-07,1.7250900553033515,0.37784116142078555,1.6799001115288719,0.0,0.0,0.1042639805536103,0.0074774416953835845,5.278350263611721,0.5,0.4166076159679083,3.7833869163878817,166989542.84096092,167007722.98514676,1.7763568394002505e-15,True,49.0,-7.77971003630402,-245102.6479457065,3.532568471617757e-06,5.41223850625272e-07,167007722.98514676,2.3414958300175516e-09,1.987442938205436e-11
22,41.36723351478577,0.8107138897187122,6.939633501754179e-07,1.7250900552279633,0.37784116142078567,1.6799001114377965,0.0,0.0,0.10426398077424581,0.007477441708935854,5.2783502636117685,0.5,0.41660761596790813,3.7833869162053526,781333270.4743444,781418334.2855794,8.881784197001252e-16,False,51.0,-7.779710036304016,-1146819.6329685184,1.3876002964553796e-05,1.8613153889290857e-06,781418334.2855794,5.004333879898125e-10,4.249164713793988e-12
23,43.30790185928345,0.8107138902543012,3.6489893191756457e-07,1.7250900552676034,0.37784116142078444,1.6799001114856849,0.0,0.0,0.1042639806582375,0.007477441701810197,5.278350263611754,0.5,0.41660761596790735,3.783386916301348,102709918.2396061,102721100.30446978,3.552713678800501e-15,True,48.0,-7.779710036304113,150754.8728078475,1.706398602935758e-06,1.5536168618268675e-07,102721100.30446978,3.80689005201748e-09,-3.2305248744750985e-11
24,45.25089645385742,0.810713890584847,2.2520230088918285e-07,1.7250900552920687,0.3778411614207837,1.679900111515241,0.0,0.0,0.10426398058664188,0.007477441697412529,5.278350263611754,0.5,0.4166076159679072,3.7833869163605867,253555249.63617116,253582854.24832872,8.881784197001252e-16,False,51.0,-7.7797100363040945,372161.54030858324,5.072397322987497e-06,2.8707108956638194e-07,253582854.24832872,1.5420913921911956e-09,-1.3084213386886015e-11
25,47.20110607147217,0.8107138941243812,2.4115000542234436e-06,1.7250900555541195,0.3778411614207859,1.6799001118317942,0.0,0.0,0.10426397982012325,0.007477441650330274,5.278350263612399,0.5,0.4166076159679071,3.7833869169948873,2715107685.7805357,2715403279.868564,8.881784197001252e-16,False,51.0,-7.779710036304097,3985161.138749163,2.990628865025261e-05,8.497454475175914e-06,2715403279.868564,1.4401083446836164e-10,-1.2215793338604786e-12
26,49.10784316062927,0.8107138919238063,1.499263517162046e-06,1.725090055391192,0.37784116142076557,1.6799001116349799,0.0,0.0,0.10426398029677708,0.007477441679608225,5.278350263612212,0.5,0.4166076159678952,3.78338691660079,26375322.742886424,26378194.20195639,5.684341886080802e-14,True,44.0,-7.779710036305389,-38712.92685770796,3.137524814996823e-07,9.858611349500279e-08,26378194.20195639,1.4824665020429764e-08,1.2580441342783669e-10
27,51.024131536483765,0.810713891184857,5.034493977279424e-07,1.7250900553364907,0.3778411614207629,1.679900111568899,0.0,0.0,0.10426398045683416,0.00747744168943954,5.278350263612187,0.5,0.4166076159678937,3.7833869164683995,70854203.74187532,70861917.62145638,7.105427357601002e-15,True,47.0,-7.779710036305172,-103997.81651891743,7.668298794734173e-07,5.366761257619146e-09,70861917.62145638,5.518449413702288e-09,4.6830402177124935e-11
28,52.93646240234375,0.810713890758982,2.901506989442064e-07,1.7250900553049675,0.37784116142076307,1.6799001115308168,0.0,0.0,0.10426398054907904,0.007477441695105567,5.278350263612181,0.5,0.41660761596789325,3.783386916392089,163340322.96286544,163358105.81609592,1.7763568394002505e-15,True,49.0,-7.779710036305142,-239746.42244881764,3.26196109286515e-06,2.0105940201631256e-07,163358105.81609592,2.3938077757887533e-09,2.031137937694968e-11
29,54.85322332382202,0.8107138898991134,5.858324480735138e-07,1.7250900552413244,0.3778411614207625,1.6799001114539311,0.0,0.0,0.10426398073533405,0.007477441706546055,5.278350263612209,0.5,0.4166076159678931,3.7833869162380016,659588698.2468998,659660507.7136015,8.881784197001252e-16,False,51.0,-7.7797100363051355,-968126.2669588276,2.8469156769455373e-05,5.704831496089469e-07,659660507.7136015,5.928018153780171e-10,5.0275461967945755e-12
30,56.77790331840515,0.8107138905689718,4.563772561719112e-07,1.7250900552909034,0.3778411614207612,1.6799001115138263,0.0,0.0,0.104263980590245,0.007477441697634152,5.2783502636122055,0.5,0.41660761596789236,3.7833869163580585,128458777.72310212,128472763.0690394,3.552713678800501e-15,True,48.0,-7.779710036305195,188548.34720442988,3.4506489822977775e-06,2.969565766619553e-07,128472763.0690394,3.0438195707890334e-09,-2.583127644867614e-11
31,58.706430435180664,0.8107138929805053,1.642988357711099e-06,1.7250900554694282,0.37784116142076235,1.6799001117294858,0.0,0.0,0.10426398006797388,0.007477441665554396,5.278350263612503,0.5,0.41660761596789225,3.783386916790217,1849840439.2630348,1850041831.6137867,8.881784197001252e-16,False,51.0,-7.779710036305197,2715145.4493101733,2.8686315520418033e-05,8.378890825611052e-07,1850041831.6137867,2.1137249707155358e-10,-1.7915019436645398e-12
32,60.662718772888184,0.8107138913472177,1.1127668427319647e-06,1.7250900553485142,0.3778411614207519,1.6799001115834202,0.0,0.0,0.10426398042175156,0.007477441687284792,5.2783502636124195,0.5,0.41660761596788626,3.783386916497653,39152002.6680832,39156265.12565737,2.842170943040401e-14,True,45.0,-7.779710036305794,-57466.18953899134,4.802692621378547e-07,2.4048247837527015e-09,39156265.12565737,9.986853877929695e-09,8.475321414962562e-11
33,62.61538648605347,0.8107138906851309,4.5108294522447737e-07,1.725090055299506,0.37784116142075064,1.6799001115242156,0.0,0.0,0.10426398056516106,0.007477441696093546,5.278350263612413,0.5,0.41660761596788554,3.783386916379021,126968561.4029718,126982384.45864601,3.552713678800501e-15,True,48.0,-7.779710036305707,-186360.94179676654,3.4283962679949264e-06,1.804690068496484e-07,126982384.45864601,3.079544499029489e-09,2.6137983953852588e-11
34,64.53370976448059,0.8107138888681181,1.2379389110936927e-06,1.7250900551650312,0.3778411614207507,1.6799001113617564,0.0,0.0,0.10426398095876288,0.007477441720270083,5.278350263612577,0.5,0.41660761596788537,3.7833869160534097,1393795305.4384773,1393947048.0566883,8.881784197001252e-16,False,51.0,-7.779710036305703,-2045774.7208410606,2.0186832262560737e-05,6.604775778740191e-06,1393947048.0566883,2.8053259773528734e-10,2.3769979581818027e-12
35,66.45404410362244,0.8107138899696049,7.504471189384576e-07,1.7250900552465487,0.3778411614207459,1.6799001114602377,0.0,0.0,0.10426398072018328,0.007477441705615659,5.27835026361253,0.5,0.41660761596788237,3.7833869162508633,52808021.32741982,52813770.567452185,1.4210854715202004e-14,True,46.0,-7.7797100363060325,77510.2281428429,7.236783435968576e-07,1.2926818282466002e-07,52813770.567452185,7.404279924058556e-09,-6.283148138181543e-11
36,68.39070582389832,0.8107138903408799,2.529512687685598e-07,1.7250900552740283,0.3778411614207453,1.679900111493435,0.0,0.0,0.10426398063976561,0.007477441700676109,5.2783502636125235,0.5,0.4166076159678821,3.783386916317405,142398905.2361942,142414408.24529916,1.7763568394002505e-15,True,49.0,-7.779710036305978,209009.28655801085,2.0985283071963107e-06,8.619280649213579e-07,142414408.24529916,2.745845543201991e-09,-2.330159968434326e-11
37,70.31444358825684,0.8107138907744807,2.954140355019795e-07,1.725090055306122,0.37784116142074464,1.6799001115322063,0.0,0.0,0.10426398054584918,0.007477441694907415,5.278350263612525,0.5,0.4166076159678818,3.783386916395112,332606634.9350468,332642845.87993926,8.881784197001252e-16,False,51.0,-7.7797100363059695,488191.0098194233,9.34361623006656e-06,8.555252311026607e-07,332642845.87993926,1.1755790614207867e-09,-9.977326252461922e-12
38,72.24436616897583,0.810713889999652,5.278939620141576e-07,1.7250900552487731,0.37784116142074475,1.6799001114629246,0.0,0.0,0.10426398071368292,0.007477441705216398,5.27835026361255,0.5,0.4166076159678817,3.783386916256264,594355763.2796468,594420470.8297645,8.881784197001252e-16,False,51.0,-7.779710036305977,-872379.1423084551,5.827030570108389e-06,4.882568358510753e-07,594420470.8297645,6.57864108556995e-10,5.583596485356424e-12
39,74.16134810447693,0.8107138903889273,2.652146987599718e-07,1.7250900552775845,0.37784116142074414,1.6799001114977312,0.0,0.0,0.10426398062936593,0.007477441700037337,5.278350263612544,0.5,0.4166076159678813,3.783386916326031,149302602.47303563,149318857.08839384,1.7763568394002505e-15,True,49.0,-7.779710036306028,219142.34526265334,1.768497526897514e-06,2.2491792606160743e-07,149318857.08839384,2.6188784424614972e-09,-2.2223317704237948e-11
40,76.0896520614624,0.8107138909130209,3.5706738245853476e-07,1.7250900553163768,0.37784116142074375,1.6799001115445944,0.0,0.0,0.10426398051584984,0.00747744169306476,5.27835026361255,0.5,0.4166076159678811,3.7833869164199547,402022132.719558,402065900.93708557,8.881784197001252e-16,False,51.0,-7.779710036306021,590077.186170016,8.335107204472585e-06,5.981309030289594e-07,402065900.93708557,9.725966570944466e-10,-8.252899318017823e-12
41,78.01902318000793,0.8107138905034681,2.790301143899792e-07,1.7250900552860626,0.3778411614207435,1.679900111507973,0.0,0.0,0.10426398060455977,0.007477441698513657,5.278350263612552,0.5,0.416607615967881,3.7833869163465654,314159980.49717826,314194183.10258883,8.881784197001252e-16,False,51.0,-7.779710036306036,-461115.4065672992,6.818359634195473e-06,6.764422630922695e-07,314194183.10258883,1.2446057358510198e-09,1.0555752527535943e-11
42,79.95086216926575,0.8107138915474046,7.112382583106664e-07,1.7250900553633368,0.3778411614207435,1.6799001116013237,0.0,0.0,0.10426398037845552,0.007477441684625507,5.278350263612603,0.5,0.41660761596788076,3.7833869165336464,800783089.0217415,800870270.3870457,8.881784197001252e-16,False,51.0,-7.779710036306041,1175367.6532015116,1.570644872315563e-05,1.4379148884913207e-06,800870270.3870457,4.882786417261616e-10,-4.142200680786009e-12
43,81.89050078392029,0.8107138910281783,3.5375135318203187e-07,1.7250900553249018,0.3778411614207424,1.6799001115548926,0.0,0.0,0.10426398049092,0.0074774416915335,5.278350263612589,0.5,0.41660761596788004,3.783386916440615,99572153.87348993,99582994.2793608,3.552713678800501e-15,True,48.0,-7.779710036306147,-146149.24127794307,1.2481648087502973e-06,8.428128772663968e-08,99582994.2793608,3.926854272856123e-09,3.3322143902085323e-11
44,83.82308864593506,0.8107138907336555,2.0065944104081675e-07,1.7250900553031017,0.3778411614207419,1.6799001115285566,0.0,0.0,0.10426398055471386,0.007477441695451959,5.278350263612589,0.5,0.4166076159678798,3.7833869163878395,225922445.9313901,225947042.1070133,8.881784197001252e-16,False,51.0,-7.7797100363061285,-331602.7574241306,3.521515437717891e-06,5.381478009880425e-07,225947042.1070133,1.7307061816004833e-09,1.468829509810418e-11
45,85.76738739013672,0.8107138896825858,7.160986265281145e-07,1.725090055225309,0.3778411614207419,1.6799001114345764,0.0,0.0,0.10426398078238819,0.007477441709436581,5.27835026361264,0.5,0.41660761596787965,3.783386916199488,806255376.5634098,806343153.6469901,8.881784197001252e-16,False,51.0,-7.779710036306131,-1183399.6212723777,1.3218012172367456e-05,1.6377778244702768e-06,806343153.6469901,4.849647431243464e-10,4.11869945496788e-12
46,87.70456290245056,0.8107138901975361,3.508377461102606e-07,1.7250900552634212,0.37784116142074065,1.6799001114806194,0.0,0.0,0.10426398067084963,0.007477441702585472,5.278350263612626,0.5,0.41660761596787893,3.783386916291785,98752046.63170841,98762797.8026689,3.552713678800501e-15,True,48.0,-7.779710036306235,144945.61669945464,1.820465244056899e-06,2.475459472961461e-07,98762797.8026689,3.95946599869832e-09,-3.3601997772974415e-11
47,89.6550543308258,0.8107138904835688,1.9487543027615246e-07,1.7250900552845916,0.3778411614207404,1.6799001115061947,0.0,0.0,0.10426398060889475,0.007477441698779973,5.278350263612621,0.5,0.41660761596787865,3.783386916343047,219410229.09430394,219434116.334438,8.881784197001252e-16,True,50.0,-7.779710036306216,322044.4094674533,2.8281855755261614e-06,1.0187462251565194e-07,219434116.334438,1.7820743840102917e-09,-1.5121624579431543e-11
48,91.58753967285156,0.8107138913752547,6.075094738346029e-07,1.7250900553505952,0.37784116142073987,1.6799001115859302,0.0,0.0,0.10426398041576457,0.00747744168691721,5.27835026361266,0.5,0.41660761596787843,3.783386916502844,683994859.3070492,684069325.9253612,8.881784197001252e-16,False,51.0,-7.779710036306211,1003949.071698433,1.5199914154891928e-05,2.576806151566302e-06,684069325.9253612,5.716493576506569e-10,-4.856535060765837e-12
49,93.51647710800171,0.8107138907377623,4.343261715579929e-07,1.7250900553034072,0.37784116142073865,1.6799001115289247,0.0,0.0,0.104263980553847,0.0074774416953987555,5.278350263612652,0.5,0.4166076159678778,3.783386916388619,122251949.38237444,122265258.93999743,3.552713678800501e-15,True,48.0,-7.779710036306292,-179438.02718927368,2.8772748852182074e-06,3.034834525905694e-07,122265258.93999743,3.198356843148936e-09,2.7144246186996354e-11
50,95.45193481445312,0.8107138897234605,6.910487278664884e-07,1.7250900552283355,0.3778411614207386,1.6799001114382317,0.0,0.0,0.1042639807735557,0.007477441708894097,5.278350263612697,0.5,0.41660761596787754,3.7833869162068563,778051697.7282922,778136404.2743595,8.881784197001252e-16,False,51.0,-7.779710036306284,-1142003.029935924,8.865455587875489e-06,8.431492517502193e-07,778136404.2743595,5.025441214289603e-10,4.265963833463933e-12
51,97.39186477661133,0.8107138902618521,3.668085701304908e-07,1.725090055268183,0.3778411614207372,1.679900111486371,0.0,0.0,0.10426398065694076,0.007477441701731179,5.278350263612687,0.5,0.41660761596787677,3.7833869163033538,103247433.71099448,103258674.2952258,3.552713678800501e-15,True,48.0,-7.779710036306376,151543.82337135496,2.189665762785853e-06,2.112620478555982e-08,103258674.2952258,3.787070952024643e-09,-3.2135151842499097e-11
52,99.33362007141113,0.8107138905993787,2.2995833334011125e-07,1.725090055293165,0.37784116142073637,1.679900111516551,0.0,0.0,0.1042639805838328,0.007477441697240616,5.278350263612685,0.5,0.41660761596787665,3.7833869163638436,258910066.67552397,258938254.26718098,8.881784197001252e-16,True,50.0,-7.779710036306367,380021.1948525065,3.7410619828283787e-06,1.9766184955472e-07,258938254.26718098,1.5101976078779406e-09,-1.2813400010620343e-11
53,101.2650945186615,0.810713896794914,4.2210447583067876e-06,1.7250900557519402,0.3778411614207442,1.6799001120707158,0.0,0.0,0.10426397924232322,0.007477441614840636,5.278350263614676,0.5,0.4166076159678765,3.7833869174741084,4752473899.957286,4752991302.322057,8.881784197001252e-16,False,51.0,-7.779710036306366,6975551.758122489,7.783831027060231e-05,2.1414435192212977e-05,4752991302.322057,8.227383935218045e-11,-7.005179802519468e-13
54,103.17698812484741,0.81071389179878,3.403896817097056e-06,1.7250900553819808,0.37784116142066354,1.6799001116238217,0.0,0.0,0.10426398032458639,0.007477441681317738,5.278350263614205,0.5,0.41660761596782914,3.783386916579797,14970496.52057329,14972126.334998166,2.2737367544323206e-13,True,42.0,-7.77971003631035,-21973.233663899697,2.7832971338639356e-07,9.398070410782111e-08,14972126.334998166,2.6118391652194797e-08,2.2164345346317184e-10
55,105.10061931610107,0.8107138909815128,5.568076471709144e-07,1.725090055321483,0.3778411614206609,1.6799001115507382,0.0,0.0,0.10426398050160834,0.0074774416921911,5.278350263614184,0.5,0.41660761596782764,3.783386916433372,78363709.73851965,78372241.17881806,7.105427357601002e-15,True,47.0,-7.779710036310038,-115020.06481730804,1.780861546149513e-06,2.2209181604893047e-07,78372241.17881806,4.989622493214639e-09,4.2343322891812354e-11
56,107.04057931900024,0.8107138906491106,2.2646711085354228e-07,1.7250900552968793,0.3778411614206608,1.6799001115210153,0.0,0.0,0.1042639805736072,0.007477441696613539,5.278350263614184,0.5,0.41660761596782747,3.7833869163738085,254979299.03139752,255007058.6297113,8.881784197001252e-16,False,51.0,-7.779710036310018,-374251.6147233803,4.130717465422507e-06,6.367185854116997e-07,255007058.6297113,1.533478916072061e-09,1.3013209260392689e-11
57,108.97697019577026,0.8107138866623527,2.716196034933043e-06,1.725090055001871,0.37784116142066376,1.6799001111645997,0.0,0.0,0.10426398143732185,0.007477441749666336,5.278350263615005,0.5,0.41660761596782714,3.783386915659372,3058164862.514472,3058497805.223605,8.881784197001252e-16,False,51.0,-7.77971003631002,-4488691.009373843,4.5197193288177064e-05,6.514993843964589e-06,3058497805.223605,1.2785631090383346e-10,1.0841649951628341e-12
58,110.89100456237793,0.8107138905618105,2.6567134902304276e-06,1.7250900552904331,0.37784116142062363,1.679900111513217,0.0,0.0,0.10426398059278164,0.007477441697791799,5.278350263614913,0.5,0.4166076159678035,3.7833869163586744,23368698.9958196,23371243.17369477,1.1368683772161603e-13,True,43.0,-7.779710036311665,34299.992927633866,3.484563632671451e-07,2.730150594487668e-08,23371243.17369477,1.6732013352737935e-08,-1.4199223558080846e-10
59,112.83282494544983,0.8107138926689429,1.435598230021962e-06,1.7250900554464192,0.3778411614206248,1.679900111701651,0.0,0.0,0.10426398013642713,0.007477441669760866,5.278350263615136,0.5,0.4166076159678034,3.7833869167362835,1616339912.4941032,1616515883.617636,8.881784197001252e-16,False,51.0,-7.779710036311796,2372419.738047313,2.725403572645079e-05,1.050224030407776e-06,1616515883.617636,2.419079059690982e-10,-2.048824748070432e-12
60,114.75466585159302,0.8107138907876219,1.2817529970344128e-06,1.7250900553071515,0.3778411614206149,1.6799001115334107,0.0,0.0,0.10426398054393826,0.007477441694791783,5.278350263615098,0.5,0.41660761596779744,3.783386916399271,45097674.36356904,45102584.12705359,2.842170943040401e-14,True,45.0,-7.779710036312244,-66193.0844600095,8.582895422664484e-07,1.1020384604876199e-08,45102584.12705359,8.670188393526137e-09,7.357121508653442e-11
61,116.70029139518738,0.8107138900728191,4.869983209164271e-07,1.7250900552542452,0.3778411614206142,1.6799001114694962,0.0,0.0,0.1042639806987693,0.0074774417043020885,5.278350263615117,0.5,0.4166076159677972,3.7833869162711795,548311363.7977828,548371058.4892235,8.881784197001252e-16,False,51.0,-7.779710036312248,-804796.4272569548,1.0780578018836979e-05,1.5947325335829987e-06,548371058.4892235,7.131080886981349e-10,6.054803856957699e-12
62,118.6429750919342,0.8107138905142746,3.0076531217146017e-07,1.725090055286919,0.3778411614206139,1.6799001115089687,0.0,0.0,0.10426398060315112,0.007477441698428868,5.278350263615113,0.5,0.4166076159677968,3.7833869163502976,169315818.83482677,169334252.29118136,1.7763568394002505e-15,True,49.0,-7.779710036312288,248517.19896230148,1.85282727818777e-06,6.428572234540297e-07,169334252.29118136,2.3093257917313403e-09,-1.9597913553835053e-11
63,120.58041596412659,0.8107138916667318,7.851741307463005e-07,1.7250900553722266,0.37784116142061397,1.6799001116120238,0.0,0.0,0.10426398035354367,0.007477441683097067,5.278350263615174,0.5,0.4166076159677966,3.7833869165568257,884027480.8203073,884123725.0114214,8.881784197001252e-16,False,51.0,-7.779710036312287,1297551.5034424397,1.7389812043858966e-05,1.0197227249264529e-06,884123725.0114214,4.4230005393853196e-10,-3.755060403836897e-12
64,122.51698136329651,0.8107138907464011,6.270255099933402e-07,1.7250900553041015,0.37784116142061147,1.6799001115297254,0.0,0.0,0.10426398055289043,0.007477441695341703,5.278350263615162,0.5,0.41660761596779516,3.783386916391931,88245995.41693397,88255602.74272625,7.105427357601002e-15,True,47.0,-7.7797100363124105,-129525.01448028952,2.294236044861667e-06,7.661869183550607e-08,88255602.74272625,4.4308564415423635e-09,3.760423480513638e-11
65,124.44868779182434,0.8107138898012682,6.439233703402055e-07,1.7250900552341488,0.377841161420612,1.6799001114452166,0.0,0.0,0.10426398075761512,0.0074774417079166685,5.278350263615199,0.5,0.416607615967795,3.7833869162225637,724993262.0953696,725072192.1639004,8.881784197001252e-16,False,51.0,-7.779710036312406,-1064125.3037558189,7.459571254889183e-06,2.4372303757402847e-06,725072192.1639004,5.39322566305498e-10,4.575626975307335e-12
66,126.38704991340637,0.810713890390902,4.0172010919168636e-07,1.7250900552777888,0.37784116142061047,1.6799001114979377,0.0,0.0,0.10426398062990194,0.007477441700072056,5.278350263615191,0.5,0.4166076159677942,3.783386916328244,113074158.4262577,113086468.84705383,3.552713678800501e-15,True,48.0,-7.779710036312482,165967.22216707462,1.8502862261066776e-06,1.3113023733524187e-07,113086468.84705383,3.4579549943887082e-09,-2.934328349918588e-11
67,128.33710432052612,0.8107138909197935,3.6033584061787094e-07,1.7250900553169364,0.37784116142061025,1.6799001115452301,0.0,0.0,0.10426398051534669,0.00747744169303565,5.278350263615199,0.5,0.41660761596779405,3.783386916423027,405702089.09793955,405746257.95271087,8.881784197001252e-16,False,51.0,-7.779710036312475,595478.5258940241,9.208202980194788e-06,2.8468377548662716e-06,405746257.95271087,9.63774207005599e-10,-8.182798042850866e-12
68,130.26922345161438,0.8107138905192032,2.7292377452264073e-07,1.725090055287286,0.37784116142060986,1.6799001115094103,0.0,0.0,0.10426398060211595,0.007477441698365344,5.278350263615203,0.5,0.4166076159677939,3.783386916351244,307284851.5235561,307318305.63294286,8.881784197001252e-16,False,51.0,-7.779710036312494,-451024.27955807705,6.670952825182225e-06,3.3807040722422244e-08,307318305.63294286,1.2724523971883558e-09,1.079817049385764e-11
69,132.2051362991333,0.8107138917283445,8.237934121851643e-07,1.7250900553767898,0.3778411614206101,1.6799001116175345,0.0,0.0,0.10426398034023188,0.0074774416822794695,5.278350263615272,0.5,0.41660761596779367,3.78338691656793,927508925.4273957,927609903.448014,8.881784197001252e-16,False,51.0,-7.779710036312505,1361372.3831526863,2.0331835508400965e-05,6.081943446645255e-07,927609903.448014,4.2156508795132867e-10,-3.5780086775762892e-12
70,134.12881660461426,0.8107138908592324,5.921304030722027e-07,1.7250900553124553,0.3778411614206073,1.6799001115398158,0.0,0.0,0.10426398052848462,0.0074774416938426696,5.2783502636152555,0.5,0.4166076159677923,3.783386916412214,83334945.70103578,83344018.3603231,7.105427357601002e-15,True,47.0,-7.779710036312647,-122316.7095185131,1.7972360313031434e-06,7.142389435443874e-08,83344018.3603231,4.691973261211589e-09,3.9815185082721225e-11
71,136.07524371147156,0.8107138903578024,3.4162639977449366e-07,1.725090055275341,0.37784116142060703,1.679900111494979,0.0,0.0,0.10426398063709619,0.007477441700514,5.27835026361526,0.5,0.4166076159677921,3.78338691632236,384637130.948702,384679006.4089881,8.881784197001252e-16,False,51.0,-7.779710036312631,-564559.8477728014,5.716806273037799e-06,1.819821941140276e-06,384679006.4089881,1.0165561908791617e-09,8.624666735281542e-12
72,138.0081877708435,0.8107138908192294,3.143722457259315e-07,1.7250900553094948,0.3778411614206072,1.679900111536239,0.0,0.0,0.10426398053715258,0.007477441694375094,5.278350263615268,0.5,0.4166076159677917,3.7833869164050533,353951681.2989955,353990216.0813604,8.881784197001252e-16,False,51.0,-7.779710036312642,519520.6872951116,5.081436069624684e-06,3.823837664285179e-07,353990216.0813604,1.1046856223960527e-09,-9.370438118837853e-12
73,139.93928790092468,0.8107138902175705,4.099130063726482e-07,1.7250900552649624,0.37784116142060714,1.6799001114824406,0.0,0.0,0.10426398066747589,0.0074774417023800435,5.27835026361528,0.5,0.41660761596779156,3.783386916297238,461521015.2614724,461571261.0784268,8.881784197001252e-16,False,51.0,-7.779710036312663,-677407.9183782039,9.59966595677782e-06,9.199315353924931e-07,461571261.0784268,8.472101797263402e-10,7.189051514816976e-12
74,141.87528538703918,0.8107138905179001,2.0461573009449096e-07,1.7250900552871913,0.3778411614206068,1.6799001115092949,0.0,0.0,0.10426398060242503,0.0074774416983843794,5.278350263615279,0.5,0.41660761596779144,3.783386916351062,230376830.8041907,230401911.9794205,8.881784197001252e-16,True,50.0,-7.77971003631269,338140.8886576778,6.8222666997104755e-06,1.9203175272153317e-06,230401911.9794205,1.6972421051362383e-09,-1.4403116958566894e-11
75,143.79531478881836,0.8107138917116388,8.13299550081174e-07,1.725090055375555,0.3778411614206068,1.6799001116160417,0.0,0.0,0.10426398034387718,0.0074774416825034275,5.278350263615343,0.5,0.4166076159677913,3.783386916564988,915693887.1342182,915793578.8503637,8.881784197001252e-16,False,51.0,-7.7797100363126885,1344030.591860307,2.0111133591934164e-05,2.2691269334629283e-06,915793578.8503637,4.2700431073694223e-10,-3.624774588916553e-12
76,145.71973824501038,0.8107138908291748,6.012269941029391e-07,1.7250900553102324,0.3778411614206042,1.6799001115371288,0.0,0.0,0.10426398053502206,0.007477441694244273,5.278350263615329,0.5,0.4166076159677897,3.783386916406879,84615177.00828086,84624389.04648603,7.105427357601002e-15,True,47.0,-7.779710036312821,-124195.79814610464,2.3102621738404177e-06,9.448231708120147e-08,84624389.04648603,4.620983602037707e-09,3.9215938960266996e-11
77,147.6675636768341,0.8107138902560794,3.9045250346287394e-07,1.7250900552678141,0.3778411614206041,1.6799001114858845,0.0,0.0,0.10426398065915765,0.007477441701869148,5.278350263615342,0.5,0.4166076159677896,3.7833869163041824,439610437.5538803,439658297.963908,8.881784197001252e-16,False,51.0,-7.779710036312812,-645248.1694090359,5.999038991034936e-06,1.9282416907628885e-07,439658297.963908,8.894360204508096e-10,7.546167149921613e-12
78,149.59793424606323,0.8107138905882242,2.262917444862357e-07,1.7250900552923978,0.37784116142060375,1.6799001115155836,0.0,0.0,0.1042639805872152,0.007477441697450176,5.278350263615337,0.5,0.41660761596778945,3.7833869163637077,254781853.7535323,254809591.9062094,8.881784197001252e-16,True,50.0,-7.779710036312839,373961.91640166426,6.307917539247221e-06,5.135042258075373e-08,254809591.9062094,1.5346672075958833e-09,-1.3021198179630845e-11
79,151.52935910224915,0.810713894511222,2.6727553021024528e-06,1.7250900555828466,0.37784116142060703,1.6799001118664383,0.0,0.0,0.10426397973767121,0.007477441645268234,5.278350263616131,0.5,0.4166076159677892,3.7833869170667263,3009254946.5615406,3009582564.4931717,8.881784197001252e-16,False,51.0,-7.779710036312832,4416902.4737816285,3.3280680283887124e-05,5.900688906379514e-07,3009582564.4931717,1.299342620804425e-10,-1.1012454179241698e-12
80,153.44098472595215,0.8107138905475909,2.7004435284811697e-06,1.7250900552894062,0.3778411614205674,1.6799001115119583,0.0,0.0,0.1042639805962815,0.007477441698007556,5.2783502636160655,0.5,0.4166076159677655,3.7833869163569367,23753352.485047206,23755938.48993603,1.1368683772161603e-13,True,43.0,-7.779710036314423,-34864.47035193931,7.979636257848623e-07,2.0942611200780448e-08,23755938.48993603,1.6461058177690204e-08,1.3968673173012275e-10
81,155.36921644210815,0.810713892237921,1.151629482347086e-06,1.7250900554145339,0.3778411614205676,1.679900111663116,0.0,0.0,0.10426398023018812,0.007477441675520776,5.278350263616207,0.5,0.41660761596776535,3.7833869166598535,1296619526.0527773,1296760689.1837883,8.881784197001252e-16,False,51.0,-7.779710036314608,1903142.8659540191,1.7787643394325448e-05,3.8302191036621025e-06,1296760689.1837883,3.0155765477510147e-10,-2.5596142857759378e-12
82,157.30469012260437,0.8107138910467511,8.115500614232468e-07,1.7250900553263557,0.3778411614205625,1.6799001115565941,0.0,0.0,0.10426398048819996,0.0074774416913688515,5.278350263616168,0.5,0.41660761596776236,3.783386916446455,57107758.59518871,57113975.89782299,1.4210854715202004e-14,True,46.0,-7.779710036314892,-83821.15886879659,8.435230164459617e-07,2.214529821742417e-07,57113975.89782299,6.8467990483205e-09,5.81026692709268e-11
83,159.24662947654724,0.8107138907649799,1.9197214308710554e-07,1.725090055305499,0.37784116142056173,1.679900111531398,0.0,0.0,0.1042639805492318,0.007477441695117657,5.278350263616166,0.5,0.41660761596776225,3.7833869163959646,216141417.87891364,216164949.19297114,8.881784197001252e-16,True,50.0,-7.779710036314855,-317246.43093942065,3.074653870810218e-06,2.7906738075955673e-07,216164949.19297114,1.8090254812657185e-09,1.5354183219585425e-11
84,161.174560546875,0.8107138899390391,5.627169183809683e-07,1.7250900552443678,0.37784116142056196,1.6799001114575465,0.0,0.0,0.10426398072813803,0.007477441706106753,5.278350263616199,0.5,0.416607615967762,3.783386916247957,633562925.6473682,633631901.6854278,8.881784197001252e-16,False,51.0,-7.779710036314852,-929926.3469662834,1.529085185148133e-05,9.609701256962921e-07,633631901.6854278,6.17153063843151e-10,5.241961797597497e-12
85,163.12339186668396,0.8107138906481074,4.830911807600768e-07,1.7250900552968493,0.3778411614205603,1.6799001115209482,0.0,0.0,0.10426398057455688,0.007477441696673236,5.2783502636161925,0.5,0.41660761596776136,3.7833869163750404,135978078.77693608,135992882.7499798,3.552713678800501e-15,True,48.0,-7.7797100363149205,199584.97241858774,1.7450759353304018e-06,1.5226671479240395e-08,135992882.7499798,2.8755028678107784e-09,-2.4399203096668792e-11
86,165.05940437316895,0.810713886509809,2.819440985086604e-06,1.7250900549906307,0.3778411614205635,1.6799001111509877,0.0,0.0,0.1042639814711086,0.007477441751743024,5.278350263617078,0.5,0.41660761596776114,3.7833869156334474,3174408343.400464,3174753941.549739,8.881784197001252e-16,False,51.0,-7.779710036314917,-4659310.0233387705,4.994923516001519e-05,5.2671729449116356e-06,3174753941.549739,1.2317416129251205e-10,1.0475393085482692e-12
87,166.98512530326843,0.8107138902644482,2.5580477201511863e-06,1.7250900552684683,0.377841161420524,1.6799001114866507,0.0,0.0,0.10426398065792353,0.007477441701794421,5.278350263616927,0.5,0.41660761596773743,3.7833869163067977,22500825.69794373,22503275.390360516,1.1368683772161603e-13,True,43.0,-7.779710036316692,33026.15214683547,3.464690442267373e-07,6.170025734775209e-08,22503275.390360516,1.7377379599093925e-08,-1.474669171690702e-10
88,168.91955137252808,0.810713890604406,2.31614837778736e-07,1.7250900552936301,0.37784116142052354,1.6799001115170482,0.0,0.0,0.1042639805842891,0.007477441697271522,5.278350263616925,0.5,0.4166076159677371,3.783386916367723,260775124.00833964,260803514.64898658,8.881784197001252e-16,True,50.0,-7.779710036316706,382758.67518735165,4.845095027592818e-06,2.4076859084232183e-07,260803514.64898658,1.4993966267975238e-09,-1.272129229817931e-11
89,170.86412072181702,0.8107138988799865,5.6381883281546365e-06,1.7250900559065208,0.37784116142053803,1.679900112257343,0.0,0.0,0.1042639787925892,0.0074774415872195955,5.278350263620483,0.5,0.416607615967737,3.783386917850739,6348035712.861874,6348726824.211021,8.881784197001252e-16,False,51.0,-7.779710036316706,9317473.914111946,0.00017371527894660305,1.8034675909106568e-05,6348726824.211021,6.159455643887962e-11,-5.207617855413962e-13
90,172.77225852012634,0.8107138914097796,5.089502007768143e-06,1.7250900553533088,0.37784116142037805,1.6799001115890984,0.0,0.0,0.10426398041090579,0.007477441686623644,5.278350263619849,0.5,0.41660761596764234,3.783386916514078,11191933.274394533,11193151.716236858,4.547473508864641e-13,True,41.0,-7.779710036323824,-16427.161482501033,2.4177851338221847e-07,3.1348182716328665e-08,11193151.716236858,3.4936348047619035e-08,2.964710498702884e-10
91,174.69208455085754,0.8107138908001001,4.153771814014145e-07,1.7250900553081792,0.37784116142037655,1.6799001115345797,0.0,0.0,0.10426398054296326,0.007477441694735112,5.278350263619841,0.5,0.41660761596764156,3.7833869164048375,116918282.54598801,116931011.42673302,3.552713678800501e-15,True,48.0,-7.779710036323817,-171609.41632734356,2.7745212512421866e-06,2.4100910689384136e-07,116931011.42673302,3.344261880504128e-09,2.8381564270807683e-11
92,176.63200736045837,0.8107138901352093,4.529930486434477e-07,1.7250900552589667,0.37784116142037655,1.6799001114751275,0.0,0.0,0.10426398068698228,0.007477441703581303,5.278350263619854,0.5,0.41660761596764145,3.7833869162856906,510024831.4633686,510080357.8959632,8.881784197001252e-16,False,51.0,-7.779710036323811,-748600.498293709,6.69914358031442e-06,1.0801301666418794e-06,510080357.8959632,7.666397208185145e-10,6.501632410512371e-12
93,178.58672308921814,0.8107138906335012,3.3948838799955807e-07,1.725090055295848,0.37784116142037616,1.6799001115196825,0.0,0.0,0.10426398057905328,0.0074774416969519055,5.278350263619849,0.5,0.41660761596764084,3.7833869163749942,191114972.03899872,191135778.7714828,1.7763568394002505e-15,True,49.0,-7.779710036323838,280513.40208884806,2.817789849146746e-06,2.457815817535902e-07,191135778.7714828,2.0459168530940676e-09,-1.7359793985150686e-11
94,180.51867032051086,0.8107138823524496,5.641917622753745e-06,1.725090054683261,0.3778411614203901,1.6799001107795217,0.0,0.0,0.10426398237351964,0.007477441807175678,5.278350263623414,0.5,0.4166076159676407,3.7833869148910053,6352234527.013288,6352926095.437614,8.881784197001252e-16,False,51.0,-7.779710036323838,-9323636.712878855,9.490029504691995e-05,1.7456331722343066e-05,6352926095.437614,6.155384709760965e-11,5.228098797261323e-13
95,182.4345805644989,0.8107138898176022,5.086023855123566e-06,1.725090055235524,0.3778411614202298,1.6799001114467622,0.0,0.0,0.1042639807568373,0.007477441707874032,5.278350263622773,0.5,0.4166076159675459,3.7833869162308114,11184284.73534385,11185502.394741427,4.547473508864641e-13,True,41.0,-7.77971003633097,16416.041650551335,2.845891301613505e-07,3.697864592311362e-08,11185502.394741427,3.496025306438138e-08,-2.9666722119914113e-10
96,184.35925960540771,0.8107138904192371,4.098961709830155e-07,1.7250900552800528,0.3778411614202283,1.6799001115005565,0.0,0.0,0.10426398062652509,0.007477441699869778,5.278350263622767,0.5,0.4166076159675452,3.783386916338642,115375514.95746388,115388075.92718984,3.552713678800501e-15,True,48.0,-7.77971003633095,169345.09057919827,3.7712980383672465e-06,3.2217255707678305e-07,115388075.92718984,3.3889805271950575e-09,-2.8758770570780653e-11
97,186.29607701301575,0.8107138910226614,4.111158851348287e-07,1.7250900553247175,0.3778411614202281,1.6799001115545142,0.0,0.0,0.10426398049582652,0.00747744169184179,5.278350263622779,0.5,0.41660761596754503,3.7833869164467817,462875337.5617203,462925730.87414104,8.881784197001252e-16,False,51.0,-7.779710036330948,679395.8622385989,5.862491142508479e-06,6.356636044202446e-07,462925730.87414104,8.447313744231019e-10,-7.167527614932258e-12
98,188.23575520515442,0.810713890724077,2.034271514399761e-07,1.7250900553026167,0.3778411614202279,1.679900111527815,0.0,0.0,0.10426398056050057,0.007477441695814314,5.2783502636227775,0.5,0.41660761596754486,3.7833869163932783,229038610.79764333,229063546.23046502,8.881784197001252e-16,True,50.0,-7.779710036330975,-336176.57930664613,5.338432116287438e-06,7.344667096731428e-10,229063546.23046502,1.7071590913801724e-09,1.4488269260253463e-11
99,190.16432404518127,0.8107138895772694,7.813251340514818e-07,1.7250900552177382,0.3778411614202275,1.6799001114252745,0.0,0.0,0.10426398080891319,0.007477441711072761,5.278350263622836,0.5,0.41660761596754464,3.7833869161877702,879693895.5826561,879789667.9256256,8.881784197001252e-16,False,51.0,-7.7797100363309735,-1291190.6785979776,1.0960825713558709e-05,1.3519088977176352e-06,879789667.9256256,4.4447879356076675e-10,3.772646403570427e-12
100,192.09656071662903,0.8107138905030115,6.307120024585319e-07,1.7250900552862547,0.377841161420225,1.679900111508048,0.0,0.0,0.10426398060840159,0.007477441698756607,5.278350263622826,0.5,0.41660761596754314,3.783386916353698,88764823.19037665,88774487.05125627,7.105427357601002e-15,True,47.0,-7.779710036331094,130286.64224090005,2.272654302586745e-06,4.595128171303031e-07,88774487.05125627,4.404958206129412e-09,-3.73838055388504e-11
101,194.0294895172119,0.8107138915424054,7.081435976996005e-07,1.7250900553631925,0.3778411614202251,1.6799001116009924,0.0,0.0,0.10426398038328055,0.007477441684928849,5.278350263622875,0.5,0.416607615967543,3.783386916539965,797298809.8090311,797385611.8404914,8.881784197001252e-16,False,51.0,-7.779710036331094,1170253.5231126235,1.2708189852058426e-05,2.7604284191795614e-07,797385611.8404914,4.90412578523084e-10,-4.160976361681907e-12
102,195.95717597007751,0.8107138910203546,3.556755127168668e-07,1.7250900553245487,0.3778411614202241,1.6799001115543089,0.0,0.0,0.10426398049635721,0.0074774416918744445,5.278350263622863,0.5,0.41660761596754226,3.7833869164464273,100113756.3541518,100124655.7243423,3.552713678800501e-15,True,48.0,-7.779710036331194,-146944.1906444972,2.274102990468622e-06,2.0334100092611607e-07,100124655.7243423,3.905610439513743e-09,3.3140691445247064e-11
103,197.88017749786377,0.8107138907201297,2.0454467861585985e-07,1.7250900553023256,0.3778411614202237,1.6799001115274623,0.0,0.0,0.10426398056138608,0.007477441695868762,5.278350263622861,0.5,0.41660761596754203,3.78338691639263,230296834.39076033,230321906.80651996,8.881784197001252e-16,True,50.0,-7.779710036331179,-338023.3656240158,5.6014781576091776e-06,1.8122884481996948e-06,230321906.80651996,1.697832446880068e-09,1.4405419892263744e-11
104,199.80183815956116,0.8107138895291749,8.114028153859989e-07,1.7250900552141806,0.3778411614202236,1.6799001114209753,0.0,0.0,0.10426398081936217,0.007477441711714635,5.278350263622924,0.5,0.4166076159675418,3.783386916179211,913558354.4964283,913657813.6666448,8.881784197001252e-16,False,51.0,-7.779710036331178,-1340896.0087269857,1.271484905799554e-05,1.2571910907865913e-06,913657813.6666448,4.280026674310593e-10,3.6310721600864484e-12
105,201.71601009368896,0.8107138904139498,6.028006840014399e-07,1.7250900552796642,0.377841161420221,1.679900111500085,0.0,0.0,0.10426398062772324,0.007477441699943472,5.278350263622912,0.5,0.41660761596754037,3.7833869163377973,84836654.2424744,84845890.44318278,7.105427357601002e-15,True,47.0,-7.779710036331307,124520.98288337019,1.40414565155136e-06,3.346284938032795e-07,84845890.44318278,4.608919888675319e-09,-3.910992129009381e-11
106,203.63723635673523,0.8107138910017505,4.0047139616698494e-07,1.7250900553231725,0.377841161420221,1.6799001115526455,0.0,0.0,0.10426398050040864,0.007477441692123339,5.278350263622918,0.5,0.41660761596754026,3.783386916443137,450890707.43308735,450939795.9775509,8.881784197001252e-16,False,51.0,-7.779710036331302,661805.148671619,1.1573497701482858e-05,4.393295185423085e-07,450939795.9775509,8.671842722710724e-10,-7.357042477110702e-12
107,205.56356048583984,0.8107138906869916,2.1444689601240962e-07,1.7250900552998742,0.3778411614202206,1.6799001115244998,0.0,0.0,0.10426398056858566,0.0074774416963110275,5.278350263622916,0.5,0.41660761596754003,3.783386916386735,241445740.73068357,241472026.92906582,8.881784197001252e-16,True,50.0,-7.779710036331315,-354387.42660176044,5.1454168939941525e-06,2.1718668641312888e-08,241472026.92906582,1.6194336029530817e-09,1.373765707927812e-11
108,207.48900079727173,0.810713888916351,1.2063453011854476e-06,1.7250900551688306,0.3778411614202208,1.679900111366186,0.0,0.0,0.10426398095214151,0.007477441719870501,5.2783502636230715,0.5,0.41660761596753976,3.7833869160694342,1358224061.8260705,1358371931.7992089,8.881784197001252e-16,False,51.0,-7.7797100363313145,-1993564.2186553532,3.732747466070684e-05,1.786604050479923e-06,1358371931.7992089,2.878797916181349e-10,2.4418313229363115e-12
109,209.41407132148743,0.8107138900489875,7.716698642284853e-07,1.725090055252655,0.37784116142021584,1.6799001114674537,0.0,0.0,0.10426398070681597,0.007477441704801718,5.278350263623032,0.5,0.4166076159675369,3.78338691627247,54301439.27596387,54307351.104567096,1.4210854715202004e-14,True,46.0,-7.779710036331629,79702.2263173879,6.680714454210179e-07,6.576035360694732e-08,54307351.104567096,7.200644534143826e-09,-6.110279986772343e-11
110,211.33083844184875,0.8107138904719026,2.881337754552342e-07,1.7250900552839563,0.3778411614202151,1.6799001115052683,0.0,0.0,0.1042639806152128,0.007477441699175113,5.278350263623026,0.5,0.4166076159675365,3.783386916348266,162204895.37842593,162222554.66778508,1.7763568394002505e-15,True,49.0,-7.779710036331589,238079.97925046447,2.261610352085988e-06,6.752886934080493e-07,162222554.66778508,2.4105646645892457e-09,-2.045474815011244e-11
111,213.2483789920807,0.8107138912911718,5.581716998083061e-07,1.725090055344599,0.3778411614202148,1.6799001115785277,0.0,0.0,0.1042639804377663,0.007477441688275698,5.278350263623055,0.5,0.4166076159675363,3.7833869164950857,628445464.548453,628513883.498229,8.881784197001252e-16,False,51.0,-7.779710036331583,922415.1834951811,8.824132556474912e-06,2.2521924414320438e-06,628513883.498229,6.221788314541471e-10,-5.277444068245293e-12
112,215.16739749908447,0.8107138905738827,4.886924819364841e-07,1.7250900552915047,0.3778411614202136,1.679900111514387,0.0,0.0,0.10426398059313402,0.0074774416978189715,5.278350263623053,0.5,0.41660761596753554,3.783386916366561,137554704.93774062,137569680.5079895,3.552713678800501e-15,True,48.0,-7.779710036331641,-201898.9948530436,2.22828682292288e-06,1.9292227726452893e-07,137569680.5079895,2.842544243479906e-09,2.4124511469693437e-11
113,217.0972216129303,0.8107138932505329,1.8236135185671107e-06,1.72509005548966,0.3778411614202148,1.6799001117537593,0.0,0.0,0.10426398001345394,0.007477441662212961,5.278350263623422,0.5,0.41660761596753537,3.7833869168462297,2053206290.9152524,2053429823.7279372,8.881784197001252e-16,False,51.0,-7.7797100363316485,3013640.3055438474,2.930297254068431e-05,2.2138486155398596e-06,2053429823.7279372,1.9043641213202378e-10,-1.6175630951195346e-12
114,219.00892639160156,0.8107138917848258,9.985939437805506e-07,1.7250900553811468,0.3778411614202047,1.6799001116226753,0.0,0.0,0.10426398033092754,0.007477441681713418,5.278350263623312,0.5,0.41660761596752943,3.7833869165836966,35134900.873621576,35138725.9888953,2.842170943040401e-14,True,45.0,-7.779710036332389,-51569.99697489418,5.354058555812568e-07,1.975523389319278e-08,35138725.9888953,1.1128687329937625e-08,9.44414813361114e-11
115,220.93130922317505,0.8107138909578128,5.634476073359006e-07,1.7250900553199287,0.3778411614202027,1.6799001115487209,0.0,0.0,0.10426398051006003,0.007477441692716415,5.278350263623292,0.5,0.416607615967528,3.783386916435525,79298201.04500322,79306834.22347015,7.105427357601002e-15,True,47.0,-7.779710036332249,-116391.68569979971,1.5767580045802423e-06,7.250264797420414e-07,79306834.22347015,4.930822784561843e-09,4.1840558474471536e-11
116,222.854984998703,0.8107138906021248,2.4233179566605856e-07,1.7250900552936006,0.3778411614202022,1.6799001115169152,0.0,0.0,0.10426398058710284,0.007477441697448675,5.27835026362329,0.5,0.4166076159675278,3.7833869163717884,272841346.09017164,272871050.33145285,8.881784197001252e-16,True,50.0,-7.779710036332228,-400469.04073446407,6.195904612533251e-06,2.540845631671118e-07,272871050.33145285,1.4330868108491933e-09,1.216089228829924e-11
117,224.77315878868103,0.8107138977719184,4.88481114877385e-06,1.7250900558245545,0.37784116142021257,1.6799001121582546,0.0,0.0,0.10426397903471885,0.007477441602096182,5.278350263625956,0.5,0.4166076159675276,3.7833869176566433,5499808417.583082,5500407182.336359,8.881784197001252e-16,False,51.0,-7.779710036332226,8072469.001247825,6.806536985854031e-05,3.1799054980297115e-06,5500407182.336359,7.10943873970147e-11,-6.041503655576426e-13
118,226.6847743988037,0.8107138934581505,2.938997637901024e-06,1.7250900555050694,0.37784116142013063,1.6799001117723473,0.0,0.0,0.1042639799691083,0.0074774416594902415,5.278350263625157,0.5,0.4166076159674802,3.783386916884614,12925848.308992635,12927255.522349179,2.2737367544323206e-13,True,42.0,-7.779710036337561,-18972.154727546433,1.271276487946264e-07,3.383693325531567e-11,12927255.522349179,3.0249874372306075e-08,2.5670365906693957e-10
119,228.59987831115723,0.8107138907411222,1.8511254729569346e-06,1.7250900553039286,0.37784116142011065,1.6799001115293646,0.0,0.0,0.10426398055765485,0.0074774416956410955,5.278350263625102,0.5,0.4166076159674684,3.7833869163979665,32565343.716256175,32568889.083568856,5.684341886080802e-14,True,44.0,-7.779710036336594,-47798.47098978009,5.250741408255588e-07,4.624392424545931e-08,32568889.083568856,1.2006792449183006e-08,1.0189213021202044e-10
120,230.52342629432678,0.8107138897530715,6.731630901492215e-07,1.7250900552307995,0.37784116142011,1.6799001114410186,0.0,0.0,0.10426398077167676,0.007477441708787133,5.278350263625143,0.5,0.41660761596746804,3.7833869162209086,757914261.0126584,757996775.1938363,8.881784197001252e-16,False,51.0,-7.779710036336642,-1112445.848942567,1.4626973002928774e-05,1.5908319390689485e-06,757996775.1938363,5.158966512127706e-10,4.3841766645146425e-12
121,232.4384572505951,0.8107138903098623,3.793437533717511e-07,1.7250900552720092,0.3778411614201094,1.6799001114908032,0.0,0.0,0.10426398065107678,0.007477441701379439,5.278350263625132,0.5,0.41660761596746737,3.783386916320703,106775774.3696494,106787399.08470231,3.552713678800501e-15,True,48.0,-7.779710036336728,156722.62565560546,2.009607556061203e-06,4.368358714756937e-07,106787399.08470231,3.661929704032376e-09,-3.1075018663255656e-11
122,234.3543508052826,0.8107138906997323,2.656202358650149e-07,1.7250900553008657,0.377841161420109,1.679900111525664,0.0,0.0,0.10426398056663189,0.007477441696192522,5.278350263625134,0.5,0.4166076159674672,3.783386916390573,299061798.9662723,299094357.8812997,8.881784197001252e-16,False,51.0,-7.7797100363367155,438954.8135354462,5.5832775548013636e-06,9.57761463915574e-07,299094357.8812997,1.307439820826549e-09,-1.1093055256260531e-11
123,236.29545092582703,0.8107138892060627,1.0176439648053998e-06,1.7250900551903188,0.3778411614201089,1.6799001113921126,0.0,0.0,0.10426398089018551,0.007477441716066423,5.27835026362524,0.5,0.4166076159674671,3.783386916122906,1145765245.8649411,1145889985.4241385,8.881784197001252e-16,False,51.0,-7.779710036336722,-1681722.9571321832,2.7229050382308422e-05,1.27790747406209e-06,1145889985.4241385,3.412613667675611e-10,2.898341668489164e-12
124,238.22758650779724,0.8107138905710889,9.299981427800879e-07,1.7250900552913457,0.37784116142010354,1.6799001115141619,0.0,0.0,0.10426398059453046,0.00747744169790622,5.278350263625226,0.5,0.41660761596746404,3.783386916367587,65442801.42700623,65449926.216893956,1.4210854715202004e-14,True,46.0,-7.779710036336937,96055.21412995202,1.116692098963004e-06,1.1717030190538935e-07,65449926.216893956,5.974764959110285e-09,-5.07059595615737e-11
125,240.15877604484558,0.8107138930909427,1.71678713039139e-06,1.7250900554778903,0.37784116142010493,1.6799001117395091,0.0,0.0,0.10426398004880277,0.0074774416643856815,5.27835026362555,0.5,0.4166076159674638,3.783386916819157,1932930469.8801036,1933140908.2513373,8.881784197001252e-16,False,51.0,-7.779710036336948,2837102.7324549565,2.524102325022194e-05,4.538700411949037e-06,1933140908.2513373,2.022864168715894e-10,-1.7182544466479227e-12
