iteration,time,cost,distance,residual,gradnorm,complviolation,dualviolation,manviolation,maxviolation,meanviolation,Phi,sigma,rho,maxabsLagmult,stepsize,linesearch_status,linesearch_counter
0,0.0,-0.0007790956399415547,2.9802322387695312e-08,7.944873515824368,7.579678663724635,2.3810683604476797,0.0,0,0.0,0.0,123.73791288933532,0.5,1.0,1.0,,,
1,0.9394891262054443,-0.0011321139149996352,0.3072444237923422,7.410375155811658,7.056391778931889,2.2629615578027615,0.0,0,0.0,0.0,112.59017982852387,0.5,0.9782280916582157,1.2074991292605506,0.03125,True,5.0
2,1.8261725902557373,-0.0025205454124012814,0.5640157103282032,5.880759958390156,5.464565898064164,2.1729834868031532,0.0,0,0.0,0.0,79.82901827730332,0.5,0.889475213768597,1.5299763420980992,0.125,True,3.0
3,2.7206997871398926,-0.002809656620882439,0.768811334404293,5.72768370285927,5.288092991678852,2.200552910374274,0.0,0,0.0,0.0,74.30997914789317,0.5,0.8590878631998798,1.6593265804242523,0.03125,True,5.0
4,3.6183204650878906,-0.0038985364733136003,0.6065606739866781,5.030730209516288,4.557809631345178,2.129464206169461,0.0,0,0.0,0.0,57.21281272392225,0.5,0.7727605825363182,1.8360876099441035,0.125,True,3.0
5,4.507880926132202,-0.004308354381698925,0.49770765716210674,4.781542399936244,4.312263923263969,2.065799501041689,0.0,0,0.0,0.0,51.253254976388305,0.5,0.7353912202801404,1.9205801325117458,0.0625,True,4.0
6,5.375064849853516,-0.005160929905323187,0.7350405409486306,4.387692611331232,3.8951447264474446,2.0198252424415983,0.0,0,3.696834872059575e-05,1.178958439691943e-06,42.103789741668976,0.5,0.6773259915048763,2.0525990695020777,0.125,True,3.0
7,6.245121955871582,-0.005721696067067328,0.6886099107565048,3.9283716770739687,3.431286819985067,1.912630789816829,0.0,0,0.009949840070647475,0.0005934917720801456,32.899376628300445,0.5,0.60120542472365,2.301834540144652,0.125,True,3.0
8,7.122673273086548,-0.006223004334033361,0.4682670283572021,3.5909439713331857,3.0907718093145196,1.8281160198495674,0.0,0,0.00012676969180176802,9.133713544293271e-06,27.186530624029103,0.5,0.5561730890289214,2.458810018581034,0.125,True,3.0
9,8.008633613586426,-0.006298863859234861,0.1473047161483135,3.496750604946509,2.994509000869569,1.8055970159716803,0.0,0,0.00013365299462155095,1.0079388430056108e-05,25.845715498676167,0.5,0.5454938632654577,2.625219196238667,0.03125,True,5.0
10,8.923014402389526,-0.0063017400456245876,0.11576723353595761,3.489072006830635,2.987117246542699,1.8029847394101697,0.0,0,0.00013442063116765328,1.0209305671234863e-05,25.691387682833458,0.5,0.543583038180979,2.684278773321877,0.00390625,True,8.0
11,9.818090200424194,-0.006348927710646513,0.1090690309227148,3.44815069198738,2.9455370723098873,1.7926389746445344,0.0,0,0.00013753858059967593,1.0570203138126155e-05,25.103995114736087,0.5,0.5388104042245421,2.6908036925486827,0.015625,True,6.0
12,10.763923168182373,-0.006348299906061235,0.03039900503256086,3.4469802305910173,2.944400918832404,1.7922544133723641,0.0,0,0.00013762484830941914,1.0589252266679208e-05,25.085484248951804,0.5,0.538621346430264,2.704485010854275,0.00048828125,True,11.0
13,11.727193832397461,-0.006356676958317125,0.0583662390506225,3.442529837274792,2.9398731577579276,1.7911330044013032,0.0,0,0.0001380120322846252,1.0621956050718883e-05,25.01303249504122,0.5,0.5379054249918565,2.6877608920155236,0.001953125,True,9.0
14,12.699236392974854,-0.006358118979093344,0.01601541673164803,3.439775450289227,2.9370712736035576,1.7904377745676043,0.0,0,0.0001381971678301048,1.0649833249432834e-05,24.976160583201338,0.5,0.537625002070805,2.69737742323117,0.0009765625,True,10.0
15,13.681885957717896,-0.006358472164603393,0.014140133764349687,3.4384151599704653,2.9356976448799412,1.7900776777726064,0.0,0,0.00013828763705118206,1.0665102469776762e-05,24.957770762433057,0.5,0.5374806956875264,2.7046047454380617,0.00048828125,True,11.0
16,14.676012754440308,-0.00635811454398143,0.010984936051686413,3.438089340582769,2.935378984042205,1.7899744344925093,0.0,0,0.0001383080403227324,1.0670600095808365e-05,24.95318568180138,0.5,0.537440420764063,2.7093583947632465,0.0001220703125,True,13.0
17,15.636658191680908,-0.006359458324745159,0.017430725889106557,3.437851198198504,2.9351246461800646,1.7899341090091938,0.0,0,0.00013833573995419783,1.0669425266750248e-05,24.94864034400231,0.5,0.5373895611333668,2.702863859746423,0.0001220703125,True,13.0
18,16.581656217575073,-0.006359383581220954,0.011272820393872843,3.4371762162091812,2.9344483745018297,1.7897466359377516,0.0,0,0.00013837963963212255,1.0677991020927962e-05,24.93946586160366,0.5,0.5373159005991176,2.7081378588056766,0.000244140625,True,12.0
19,17.559360027313232,-0.0063591161651828905,0.005098906088848844,3.437135122483579,2.9344123516427536,1.7897267788471043,0.0,0,0.00013838113527970923,1.0679529621284544e-05,24.938894642358363,0.5,0.5373102199990639,2.7102060686639753,1.52587890625e-05,True,16.0
20,18.53369140625,-0.006359322359549145,0.0028211030425357737,3.437096761951751,2.9343703125778045,1.789722034804841,0.0,0,0.00013838484159432537,1.0679250963783799e-05,24.938323805179177,0.5,0.5373056456839091,2.7091403791234745,1.52587890625e-05,True,16.0
21,19.53847599029541,-0.006359474974048455,0.002473963341858541,3.437095716214837,2.9343667908497744,1.7897258006093102,0.0,0,0.0001383858768284479,1.0678724812302686e-05,24.938252655561858,0.5,0.5373047641640927,2.7081678120096035,1.9073486328125e-06,True,19.0
22,20.555222034454346,-0.006359355647418034,0.002309148640362815,3.437073086755844,2.9343461936336666,1.7897161120668899,0.0,0,0.00013838670595870732,1.0679442212165007e-05,24.937966890601466,0.5,0.5373023899710578,2.7091068128875913,7.62939453125e-06,True,17.0
23,21.610654830932617,-0.006359471332902581,0.0018956035646485367,3.4370734041096838,2.9343446129673114,1.7897193131248235,0.0,0,0.00013838740349590855,1.0679027137508588e-05,24.937931334689235,0.5,0.5373019169312812,2.708359932136657,9.5367431640625e-07,True,20.0
24,22.627345323562622,-0.006359315924574439,0.0029126616187480706,3.437051115897152,2.9343250813625663,1.7897085327943,0.0,0,0.0001383880599902092,1.0679882035634402e-05,24.93764567757257,0.5,0.5372993517318249,2.7095377200704767,7.62939453125e-06,True,17.0
25,23.63863205909729,-0.006359372896819224,0.0008744735100347482,3.4370467843770793,2.9343197452626373,1.7897089631387562,0.0,0,0.000138388667268371,1.0679727110547065e-05,24.93757427724021,0.5,0.5372987933516473,2.709198039204582,1.9073486328125e-06,True,19.0
26,24.69215488433838,-0.0063594124999406506,0.0006427710706296767,3.4370462058615083,2.93431848630322,1.78970991625658,0.0,0,0.00013838893519288375,1.067959054499113e-05,24.93755643566494,0.5,0.537298640331335,2.7089452938422074,4.76837158203125e-07,True,21.0
27,25.72660493850708,-0.0063593680724810435,0.0007528543214025307,3.437044920829197,2.9343179786228717,1.7897082807845257,0.0,0,0.00013838877317586405,1.0679769604045179e-05,24.937547527812146,0.5,0.5372985420142342,2.7092439685782876,2.384185791015625e-07,True,22.0
28,26.756110429763794,-0.006359400118868903,0.0005163846560282305,3.437044167372172,2.934316669997335,1.789708979366045,0.0,0,0.00013838900667739268,1.0679662230629421e-05,24.937529679247817,0.5,0.5372983978363866,2.7090412309223546,4.76837158203125e-07,True,21.0
29,27.81540060043335,-0.006359424569435456,0.0004077157320386784,3.4370445524012405,2.9343166388610933,1.7897097698439601,0.0,0,0.00013838912413945045,1.067956894317068e-05,24.937528570226704,0.5,0.537298379789029,2.70888000793465,2.9802322387695312e-08,True,25.0
30,28.841554164886475,-0.00635940133735262,0.0003983590060926531,3.4370435075077026,2.934315992938214,1.7897088222022206,0.0,0,0.00013838906040073765,1.0679666519470501e-05,24.93751964476751,0.5,0.5372983061381217,2.709038418556936,2.384185791015625e-07,True,22.0
31,29.926352500915527,-0.00635941679236322,0.0002578758842353415,3.437043750539389,2.9343159717422935,1.7897093236838013,0.0,0,0.00013838913401292198,1.0679607437758925e-05,24.937519089517732,0.5,0.5372982981179717,2.7089364336439354,1.4901161193847656e-08,True,26.0
32,30.97898769378662,-0.006359397663596307,0.00032483158342414605,3.437043106778469,2.9343156576567835,1.7897086023328304,0.0,0,0.00013838906755496026,1.0679685164219691e-05,24.937514628053663,0.5,0.5372982597126629,2.7090653559733413,1.1920928955078125e-07,True,23.0
33,32.077651262283325,-0.006359408335685909,0.00017726822118614702,3.4370432134201936,2.9343155808574,1.7897089330491551,0.0,0,0.000138389121967165,1.0679645038758786e-05,24.937513513063088,0.5,0.5372982498085823,2.7089953147143064,2.9802322387695312e-08,True,25.0
34,33.15482974052429,-0.006359401179144352,0.00012030707190750814,3.43704305131344,2.9343155420345077,1.7897086853835387,0.0,0,0.00013838909175217136,1.067967311804104e-05,24.93751295546847,0.5,0.5372982449307431,2.7090429663186884,1.4901161193847656e-08,True,26.0
35,34.23005652427673,-0.006359407191897307,0.00010025839688970383,3.4370431362202405,2.934315523577998,1.7897088787030309,0.0,0,0.00013838912072511585,1.0679650196376444e-05,24.93751267681216,0.5,0.5372982423219924,2.709003321565381,7.450580596923828e-09,True,27.0
36,35.332804918289185,-0.006359404748745071,4.10153248032143e-05,3.4370430838437955,2.9343155132165792,1.789708795104828,0.0,0,0.00013838911016915417,1.0679659737446804e-05,24.937512537330566,0.5,0.5372982412195445,2.7090195625570406,3.725290298461914e-09,True,28.0
37,36.47878098487854,-0.0063594023576037766,4.003061046114524e-05,3.437043040464232,2.934315511026628,1.7897087153871452,0.0,0,0.00013838909934405508,1.067966898290814e-05,24.937512502512625,0.5,0.5372982408725309,2.7090354046560297,9.313225746154785e-10,True,30.0
38,37.6579532623291,-0.00635940497200387,4.364984958657127e-05,3.437043080633354,2.934315506206578,1.7897088004325825,0.0,0,0.00013838911169640128,1.0679658970623083e-05,24.937512432820647,0.5,0.5372982402570377,2.709018139796089,1.862645149230957e-09,True,29.0
39,38.80806040763855,-0.006359404020499008,1.5933213728125064e-05,3.4370430629775766,2.934315504926178,1.7897087686248512,0.0,0,0.0001383891074068815,1.0679662653086504e-05,24.937512415387513,0.5,0.5372982401166002,2.709024445690457,4.656612873077393e-10,True,31.0
40,39.95520997047424,-0.0063594034367609005,9.764289053662814e-06,3.437043052873695,2.934315504873077,1.7897087493079293,0.0,0,0.00013838910472874777,1.0679664903523718e-05,24.93751241430146,0.5,0.5372982401030214,2.7090283092663827,2.9103830456733704e-11,True,35.0
41,41.1207549571991,-0.006359403702510822,4.442130499464981e-06,3.437043057285019,2.934315504708964,1.7897087580487208,0.0,0,0.00013838910596085182,1.0679663881404774e-05,24.937512412121798,0.5,0.5372982400861919,2.7090265517515832,5.820766091346741e-11,True,34.0
42,42.26500344276428,-0.006359404003344773,5.030092855653803e-06,3.43704306238662,2.9343155046321368,1.789708767972045,0.0,0,0.00013838910734891632,1.0679662723091654e-05,24.93751241103265,0.5,0.5372982400768446,2.7090245614912605,2.9103830456733704e-11,True,35.0
43,43.42259502410889,-0.006359403829358729,2.9099004208794494e-06,3.437043059373077,2.934315504613655,1.7897087622149932,0.0,0,0.0001383891065504729,1.0679663393807593e-05,24.93751241076045,0.5,0.5372982400743779,2.7090257130218904,7.275957614183426e-12,True,37.0
44,44.57904648780823,-0.006359404019048637,3.171981977783921e-06,3.437043062620286,2.9343155045957148,1.7897087684805046,0.0,0,0.0001383891074237105,1.0679662663062317e-05,24.937512410488335,0.5,0.5372982400718154,2.7090244578526343,7.275957614183426e-12,True,37.0
45,45.74852681159973,-0.006359403870681132,2.4815978745056e-06,3.437043060047033,2.934315504576453,1.7897087635702855,0.0,0,0.00013838910674303059,1.0679663235055847e-05,24.937512410216048,0.5,0.5372982400694887,2.709025439847345,7.275957614183426e-12,True,37.0
46,46.92125225067139,-0.006359403964752319,1.5730944296592962e-06,3.4370430616618255,2.934315504571953,1.7897087666787899,0.0,0,0.00013838910717576684,1.067966287260418e-05,24.93751241014801,0.5,0.5372982400688504,2.7090248173476614,1.8189894035458565e-12,True,39.0
47,48.09494161605835,-0.006359403888983806,1.2668573637395209e-06,3.437043060352759,2.93431550456716,1.789708764172653,0.0,0,0.0001383891068278138,1.0679663164646662e-05,24.937512410079947,0.5,0.5372982400682645,2.7090253187968836,1.8189894035458565e-12,True,39.0
48,49.27913570404053,-0.0063594039723642165,1.3941862803988527e-06,3.4370430617860057,2.9343155045651494,1.7897087669284257,0.0,0,0.0001383891072112444,1.0679662843362223e-05,24.937512410045954,0.5,0.5372982400679029,2.7090247670277963,9.094947017729282e-13,True,40.0
49,50.45419716835022,-0.0063594039062476555,1.1051045529552137e-06,3.4370430606429685,2.9343155045602263,1.7897087647413537,0.0,0,0.00013838910690765929,1.067966309821019e-05,24.93751240997787,0.5,0.5372982400673403,2.7090252046032526,1.8189894035458565e-12,True,39.0
50,51.65689253807068,-0.006359403983153819,1.2854371945093574e-06,3.4370430619666643,2.9343155045601197,1.7897087672836178,0.0,0,0.0001383891072612065,1.0679662801851854e-05,24.937512409969425,0.5,0.5372982400671793,2.7090246956654584,2.2737367544323206e-13,True,42.0
51,52.83379006385803,-0.0063594039271535115,9.357338388544188e-07,3.437043060997662,2.93431550455508,1.7897087654309614,0.0,0,0.00013838910700412295,1.0679663017715961e-05,24.937512409901327,0.5,0.5372982400666376,2.709025066294544,1.8189894035458565e-12,True,39.0
52,54.03405284881592,-0.006359403893085028,5.677652827089631e-07,3.437043060410651,2.9343155045545237,1.789708764304549,0.0,0,0.00013838910684756445,1.0679663149009832e-05,24.93751240989283,0.5,0.5372982400665568,2.7090252917541435,2.2737367544323206e-13,True,42.0
53,55.23595428466797,-0.006359403918282008,4.1845709546540633e-07,3.4370430608437808,2.934315504553916,1.7897087651373484,0.0,0,0.00013838910696342634,1.0679663051918526e-05,24.937512409884313,0.5,0.5372982400664852,2.709025125012433,2.2737367544323206e-13,True,42.0
54,56.46497821807861,-0.006359403907290103,1.793479963942239e-07,3.437043060654494,2.934315504553843,1.7897087647739538,0.0,0,0.00013838910691290455,1.067966309427778e-05,24.937512409883247,0.5,0.5372982400664754,2.7090251977541646,2.842170943040401e-14,True,45.0
55,57.688093185424805,-0.006359403918754785,1.8583218551410683e-07,3.4370430608517735,2.9343155045537714,1.7897087651529358,0.0,0,0.00013838910696560897,1.067966305009846e-05,24.937512409882174,0.5,0.5372982400664654,2.709025121884846,2.842170943040401e-14,True,45.0
56,58.91396713256836,-0.006359403908616753,1.6494796549210222e-07,3.4370430606771842,2.9343155045536973,1.789708764817768,0.0,0,0.00013838910691901267,1.0679663089167283e-05,24.93751240988111,0.5,0.5372982400664562,2.709025188975903,2.842170943040401e-14,True,45.0
57,60.162132263183594,-0.006359403916224851,1.2497690982624288e-07,3.437043060808113,2.9343155045536613,1.7897087650692687,0.0,0,0.0001383891069539876,1.0679663059849204e-05,24.937512409880586,0.5,0.5372982400664512,2.7090251386280357,1.4210854715202004e-14,True,46.0
58,61.44405221939087,-0.0063594039118861825,6.290186897590474e-08,3.43704306073341,2.9343155045536435,1.7897087649258343,0.0,0,0.00013838910693404554,1.0679663076568898e-05,24.93751240988032,0.5,0.5372982400664491,2.709025167340199,7.105427357601002e-15,True,47.0
59,62.70515727996826,-0.00635940391680085,7.622277359093748e-08,3.437043060818007,2.934315504553641,1.7897087650883037,0.0,0,0.00013838910695663622,1.0679663057629744e-05,24.93751240988026,0.5,0.5372982400664482,2.7090251348164163,1.7763568394002505e-15,True,49.0
60,63.95370888710022,-0.00635940391493404,2.2042319173719243e-08,3.4370430607858617,2.93431550455363,1.7897087650265875,0.0,0,0.0001383891069480568,1.0679663064823891e-05,24.937512409880117,0.5,0.5372982400664472,2.7090251471704874,3.552713678800501e-15,True,48.0
61,65.21439051628113,-0.006359403913230776,2.011119126040264e-08,3.4370430607565363,2.9343155045536244,1.7897087649702788,0.0,0,0.00013838910694022777,1.0679663071387648e-05,24.937512409880053,0.5,0.5372982400664469,2.709025158442214,1.7763568394002505e-15,True,49.0
62,66.48544692993164,-0.006359403909789542,5.038995258077965e-08,3.4370430606972984,2.9343155045536236,1.7897087648565169,0.0,0,0.00013838910692440953,1.0679663084648762e-05,24.937512409880018,0.5,0.5372982400664463,2.709025181215303,8.881784197001252e-16,False,51.0
63,67.75464630126953,-0.006359403910458597,7.899785988235077e-09,3.437043060708813,2.9343155045536213,1.789708764878634,0.0,0,0.0001383891069274856,1.0679663082070555e-05,24.937512409879993,0.5,0.5372982400664462,2.7090251767877116,8.881784197001252e-16,False,51.0
64,69.0241494178772,-0.006359403911330014,1.0289158309947596e-08,3.4370430607238114,2.934315504553619,1.789708764907441,0.0,0,0.00013838910693149138,1.0679663078712477e-05,24.937512409879965,0.5,0.5372982400664459,2.709025171020949,8.881784197001252e-16,False,51.0
65,70.29379224777222,-0.006359403912767857,1.6977194509103673e-08,3.4370430607485605,2.9343155045536173,1.789708764954973,0.0,0,0.00013838910693810154,1.067966307317163e-05,24.937512409879922,0.5,0.5372982400664453,2.7090251615057417,8.881784197001252e-16,False,51.0
66,71.55794787406921,-0.006359403892940914,3.274258434020249e-07,3.4370430604072943,2.934315504553653,1.7897087642995306,0.0,0,0.00013838910684696386,1.0679663149576697e-05,24.937512409879904,0.5,0.5372982400664384,2.709025292714601,8.881784197001252e-16,False,51.0
67,72.82866168022156,-0.006359403893038617,1.1535881999851767e-09,3.4370430604089726,2.9343155045536493,1.7897087643027596,0.0,0,0.0001383891068474132,1.067966314920012e-05,24.93751240987987,0.5,0.5372982400664381,2.709025292068052,8.881784197001252e-16,False,51.0
68,74.10025095939636,-0.006359403893136805,1.1593291432883989e-09,3.4370430604106614,2.9343155045536475,1.789708764306005,0.0,0,0.0001383891068478644,1.0679663148821765e-05,24.937512409879833,0.5,0.5372982400664379,2.7090252914182855,8.881784197001252e-16,False,51.0
69,75.37495374679565,-0.006359403893235488,1.1651565003835e-09,3.4370430604123565,2.9343155045536444,1.789708764309266,0.0,0,0.0001383891068483181,1.067966314844149e-05,24.937512409879805,0.5,0.5372982400664378,2.709025290765253,8.881784197001252e-16,False,51.0
70,76.64706563949585,-0.0063594038933346714,1.4947107268962417e-08,3.437043060414061,2.9343155045536413,1.7897087643125447,0.0,0,0.0001383891068487741,1.0679663148059302e-05,24.93751240987977,0.5,0.5372982400664376,2.7090252901089045,8.881784197001252e-16,False,51.0
71,77.91199111938477,-0.006359403893434363,1.177079297915961e-09,3.4370430604157756,2.93431550455364,1.7897087643158396,0.0,0,0.0001383891068492321,1.0679663147675113e-05,24.937512409879744,0.5,0.5372982400664373,2.7090252894491895,8.881784197001252e-16,False,51.0
72,79.18165135383606,-0.006359403893534572,1.183179361784359e-09,3.4370430604174977,2.934315504553637,1.7897087643191516,0.0,0,0.00013838910684969345,1.067966314728902e-05,24.93751240987971,0.5,0.5372982400664372,2.7090252887860555,8.881784197001252e-16,False,51.0
73,80.45475625991821,-0.006359403893635306,1.1893751796218766e-09,3.4370430604192284,2.9343155045536338,1.789708764322481,0.0,0,0.0001383891068501571,1.0679663146900849e-05,24.937512409879673,0.5,0.5372982400664369,2.709025288119449,8.881784197001252e-16,False,51.0
74,81.72305679321289,-0.006359403893736572,1.1956690626532137e-09,3.437043060420969,2.934315504553631,1.789708764325828,0.0,0,0.0001383891068506219,1.0679663146510619e-05,24.93751240987963,0.5,0.5372982400664368,2.709025287449315,8.881784197001252e-16,False,51.0
75,82.99058127403259,-0.0063594038938383805,1.2020638222823846e-09,3.4370430604227185,2.934315504553628,1.789708764329193,0.0,0,0.0001383891068510908,1.0679663146118334e-05,24.937512409879595,0.5,0.5372982400664364,2.709025286775597,8.881784197001252e-16,False,51.0
76,84.25778889656067,-0.006359403893940739,1.2085620882169254e-09,3.437043060424479,2.934315504553626,1.789708764332576,0.0,0,0.00013838910685156066,1.0679663145723915e-05,24.937512409879567,0.5,0.5372982400664362,2.7090252860982367,8.881784197001252e-16,False,51.0
77,85.52380800247192,-0.006359403894043656,1.2151667166397962e-09,3.4370430604262467,2.9343155045536227,1.7897087643359773,0.0,0,0.00013838910685203356,1.0679663145327302e-05,24.93751240987953,0.5,0.5372982400664359,2.709025285417175,8.881784197001252e-16,False,51.0
78,86.79563665390015,-0.006359403894147143,1.2218806094943395e-09,3.437043060428027,2.9343155045536213,1.7897087643393979,0.0,0,0.00013838910685250888,1.0679663144928502e-05,24.937512409879506,0.5,0.5372982400664357,2.7090252847323497,8.881784197001252e-16,False,51.0
79,88.06773638725281,-0.006359403894251207,1.2287067583204553e-09,3.4370430604298154,2.9343155045536187,1.7897087643428375,0.0,0,0.0001383891068529877,1.0679663144527517e-05,24.937512409879478,0.5,0.5372982400664353,2.709025284043699,8.881784197001252e-16,False,51.0
80,89.34018516540527,-0.00635940389435586,1.2356484733069136e-09,3.4370430604316153,2.934315504553617,1.7897087643462966,0.0,0,0.00013838910685346867,1.0679663144124317e-05,24.937512409879442,0.5,0.5372982400664352,2.709025283351157,8.881784197001252e-16,False,51.0
81,90.61435294151306,-0.00635940389446111,1.2427089729939779e-09,3.4370430604334246,2.9343155045536147,1.789708764349775,0.0,0,0.00013838910685395252,1.0679663143718687e-05,24.937512409879407,0.5,0.537298240066435,2.709025282654659,8.881784197001252e-16,False,51.0
82,91.89051222801208,-0.006359403894566969,1.4953489023292726e-08,3.4370430604352444,2.934315504553612,1.789708764353274,0.0,0,0.00013838910685443992,1.0679663143310837e-05,24.93751240987937,0.5,0.5372982400664347,2.7090252819541347,8.881784197001252e-16,False,51.0
83,93.16280627250671,-0.006359403894673446,1.4954101672000585e-08,3.437043060437075,2.93431550455361,1.789708764356793,0.0,0,0.00013838910685492914,1.067966314290052e-05,24.937512409879346,0.5,0.5372982400664345,2.7090252812495144,8.881784197001252e-16,False,51.0
84,94.43682909011841,-0.006359403894780554,1.2646378663491948e-09,3.4370430604389157,2.934315504553607,1.7897087643603335,0.0,0,0.00013838910685542112,1.0679663142487748e-05,24.93751240987931,0.5,0.5372982400664342,2.7090252805407253,8.881784197001252e-16,False,51.0
85,95.71258282661438,-0.006359403894888303,1.2722090964221585e-09,3.437043060440768,2.9343155045536045,1.7897087643638947,0.0,0,0.00013838910685591641,1.0679663142072536e-05,24.937512409879282,0.5,0.5372982400664341,2.709025279827693,8.881784197001252e-16,False,51.0
86,96.98420572280884,-0.006359403894996705,1.279917564330705e-09,3.4370430604426323,2.9343155045536027,1.7897087643674778,0.0,0,0.00013838910685641555,1.0679663141654889e-05,24.937512409879258,0.5,0.5372982400664339,2.70902527911034,8.881784197001252e-16,False,51.0
87,98.25976085662842,-0.006359403895105771,1.2877676676359715e-09,3.437043060444506,2.9343155045535987,1.7897087643710823,0.0,0,0.00013838910685691673,1.0679663141234618e-05,24.93751240987921,0.5,0.5372982400664337,2.7090252783885878,8.881784197001252e-16,False,51.0
88,99.5379467010498,-0.006359403895215515,1.2957637580794658e-09,3.4370430604463937,2.9343155045535974,1.7897087643747096,0.0,0,0.00013838910685742064,1.067966314081171e-05,24.937512409879186,0.5,0.5372982400664335,2.7090252776623536,8.881784197001252e-16,False,51.0
89,100.81390810012817,-0.006359403895325948,1.303910234374207e-09,3.4370430604482927,2.9343155045535956,1.7897087643783596,0.0,0,0.00013838910685792888,1.0679663140386205e-05,24.937512409879158,0.5,0.537298240066433,2.7090252769315537,8.881784197001252e-16,False,51.0
90,102.08978414535522,-0.006359403895437085,1.4958827008700097e-08,3.437043060450202,2.934315504553591,1.7897087643820333,0.0,0,0.0001383891068584399,1.0679663139957953e-05,24.937512409879115,0.5,0.5372982400664328,2.7090252761961007,8.881784197001252e-16,False,51.0
91,103.37610292434692,-0.006359403895548938,1.3206742008799726e-09,3.4370430604521256,2.93431550455359,1.7897087643857303,0.0,0,0.00013838910685895343,1.0679663139526834e-05,24.937512409879087,0.5,0.5372982400664327,2.7090252754559048,8.881784197001252e-16,False,51.0
92,104.65017294883728,-0.006359403895661523,1.3293017563508513e-09,3.437043060454061,2.934315504553587,1.7897087643894511,0.0,0,0.0001383891068594714,1.067966313909308e-05,24.93751240987905,0.5,0.5372982400664325,2.7090252747108736,8.881784197001252e-16,False,51.0
93,105.93139457702637,-0.006359403895774852,1.3381001447241035e-09,3.437043060456009,2.934315504553584,1.7897087643931973,0.0,0,0.00013838910685999215,1.0679663138656364e-05,24.937512409879016,0.5,0.5372982400664323,2.7090252739609113,8.881784197001252e-16,False,51.0
94,107.20621466636658,-0.006359403895888942,1.3470753955496335e-09,3.4370430604579703,2.934315504553582,1.7897087643969676,0.0,0,0.00013838910686051747,1.0679663138216755e-05,24.93751240987899,0.5,0.5372982400664319,2.7090252732059183,8.881784197001252e-16,False,51.0
95,108.48438787460327,-0.006359403896003806,1.4962752875056334e-08,3.4370430604599447,2.9343155045535787,1.7897087644007643,0.0,0,0.000138389106861045,1.0679663137774101e-05,24.937512409878945,0.5,0.5372982400664316,2.709025272445793,8.881784197001252e-16,False,51.0
96,109.75984048843384,-0.006359403896119463,1.3655799707144384e-09,3.437043060461933,2.934315504553576,1.7897087644045873,0.0,0,0.00013838910686157682,1.0679663137328428e-05,24.93751240987891,0.5,0.5372982400664313,2.709025271680429,8.881784197001252e-16,False,51.0
97,111.03754353523254,-0.006359403896235928,1.3751221708337934e-09,3.4370430604639357,2.934315504553574,1.7897087644084366,0.0,0,0.00013838910686211296,1.0679663136879695e-05,24.937512409878885,0.5,0.5372982400664313,2.7090252709097165,8.881784197001252e-16,False,51.0
98,112.31418681144714,-0.006359403896353218,1.3848667135296153e-09,3.4370430604659523,2.934315504553571,1.7897087644123135,0.0,0,0.00013838910686265205,1.0679663136427678e-05,24.93751240987885,0.5,0.537298240066431,2.7090252701335427,8.881784197001252e-16,False,51.0
99,113.5860435962677,-0.006359403896471351,1.3948209885120235e-09,3.437043060467983,2.934315504553569,1.7897087644162182,0.0,0,0.0001383891068631961,1.0679663135972575e-05,24.93751240987882,0.5,0.5372982400664307,2.7090252693517898,8.881784197001252e-16,False,51.0
100,114.8618369102478,-0.006359403896590345,1.404992477514342e-09,3.437043060470029,2.9343155045535663,1.7897087644201513,0.0,0,0.000138389106863743,1.067966313551402e-05,24.937512409878785,0.5,0.5372982400664305,2.709025268564336,8.881784197001252e-16,False,51.0
101,116.13261294364929,-0.00635940389671022,1.4153892952838808e-09,3.4370430604720896,2.9343155045535636,1.789708764424113,0.0,0,0.00013838910686429396,1.0679663135052047e-05,24.93751240987875,0.5,0.5372982400664301,2.7090252677710556,8.881784197001252e-16,False,51.0
102,117.40456104278564,-0.006359403896830996,1.4260196476869256e-09,3.437043060474165,2.934315504553559,1.7897087644281053,0.0,0,0.00013838910686484926,1.0679663134586624e-05,24.937512409878707,0.5,0.5372982400664298,2.7090252669718167,8.881784197001252e-16,False,51.0
103,118.67799210548401,-0.006359403896952692,1.4970279407453537e-08,3.4370430604762574,2.934315504553557,1.7897087644321272,0.0,0,0.00013838910686540885,1.067966313411769e-05,24.93751240987868,0.5,0.5372982400664298,2.709025266166484,8.881784197001252e-16,False,51.0
104,119.95294332504272,-0.006359403897075331,1.4480175903187703e-09,3.4370430604783655,2.9343155045535543,1.7897087644361807,0.0,0,0.00013838910686597236,1.0679663133645154e-05,24.937512409878654,0.5,0.5372982400664296,2.7090252653549163,8.881784197001252e-16,False,51.0
105,121.22902965545654,-0.006359403897198934,1.459404268121272e-09,3.4370430604804905,2.934315504553551,1.7897087644402663,0.0,0,0.0001383891068665407,1.0679663133168901e-05,24.9375124098786,0.5,0.5372982400664295,2.7090252645369666,8.881784197001252e-16,False,51.0
106,122.50142216682434,-0.006359403897323524,1.471063063001297e-09,3.4370430604826323,2.9343155045535485,1.789708764444384,0.0,0,0.00013838910686711349,1.0679663132688783e-05,24.937512409878583,0.5,0.537298240066429,2.7090252637124825,8.881784197001252e-16,False,51.0
107,123.77083849906921,-0.006359403897449126,1.4974775757953372e-08,3.437043060484792,2.9343155045535463,1.7897087644485359,0.0,0,0.00013838910686769093,1.0679663132204788e-05,24.937512409878547,0.5,0.5372982400664288,2.709025262881305,8.881784197001252e-16,False,51.0
108,125.04116153717041,-0.006359403897575764,1.4975992571579797e-08,3.437043060486969,2.934315504553543,1.7897087644527216,0.0,0,0.0001383891068682743,1.0679663131716841e-05,24.93751240987851,0.5,0.5372982400664288,2.7090252620432693,8.881784197001252e-16,False,51.0
109,126.31117057800293,-0.006359403897703465,1.4977250194823993e-08,3.4370430604891653,2.934315504553541,1.7897087644569427,0.0,0,0.00013838910686885992,1.0679663131224742e-05,24.937512409878476,0.5,0.5372982400664283,2.709025261198203,8.881784197001252e-16,False,51.0
110,127.585702419281,-0.006359403897832255,1.4978550728165254e-08,3.43704306049138,2.9343155045535387,1.7897087644611995,0.0,0,0.00013838910686945284,1.067966313072847e-05,24.93751240987844,0.5,0.5372982400664281,2.7090252603459266,8.881784197001252e-16,False,51.0
111,128.86027717590332,-0.0063594038979621625,1.4979896382943674e-08,3.437043060493613,2.934315504553535,1.7897087644654932,0.0,0,0.00013838910687004983,1.0679663130227925e-05,24.937512409878405,0.5,0.5372982400664277,2.709025259486253,8.881784197001252e-16,False,51.0
112,130.1369104385376,-0.006359403898093217,1.5473952686079527e-09,3.4370430604958666,2.934315504553534,1.7897087644698246,0.0,0,0.0001383891068706529,1.0679663129722943e-05,24.937512409878376,0.5,0.5372982400664275,2.7090252586189867,8.881784197001252e-16,False,51.0
113,131.40377950668335,-0.006359403898225451,1.5613063996703594e-09,3.4370430604981403,2.9343155045535307,1.7897087644741954,0.0,0,0.00013838910687126088,1.0679663129213378e-05,24.93751240987834,0.5,0.5372982400664271,2.709025257743924,8.881784197001252e-16,False,51.0
114,132.6782636642456,-0.006359403898358895,1.5755985496970852e-09,3.437043060500435,2.9343155045535285,1.7897087644786058,0.0,0,0.00013838910687187416,1.0679663128699181e-05,24.937512409878316,0.5,0.537298240066427,2.709025256860851,8.881784197001252e-16,False,51.0
115,133.94548439979553,-0.006359403898493582,1.5902891740816718e-09,3.437043060502751,2.934315504553526,1.7897087644830585,0.0,0,0.00013838910687249322,1.0679663128180204e-05,24.93751240987828,0.5,0.5372982400664269,2.709025255969544,8.881784197001252e-16,False,51.0
116,135.21760082244873,-0.00635940389862955,1.6053972230178902e-09,3.43704306050509,2.9343155045535245,1.7897087644875522,0.0,0,0.0001383891068731177,1.0679663127656235e-05,24.937512409878252,0.5,0.5372982400664268,2.7090252550697693,8.881784197001252e-16,False,51.0
117,136.49473357200623,-0.006359403898766834,1.6209426913537299e-09,3.4370430605074493,2.9343155045535205,1.7897087644920904,0.0,0,0.00013838910687374937,1.0679663127127256e-05,24.93751240987821,0.5,0.5372982400664265,2.7090252541612823,8.881784197001252e-16,False,51.0
118,137.76674270629883,-0.006359403898905473,1.636947294690963e-09,3.4370430605098337,2.9343155045535183,1.7897087644966725,0.0,0,0.00013838910687438696,1.067966312659296e-05,24.937512409878185,0.5,0.5372982400664262,2.709025253243825,8.881784197001252e-16,False,51.0
119,139.040057182312,-0.006359403899045509,1.6534337945742892e-09,3.437043060512242,2.934315504553516,1.7897087645013012,0.0,0,0.00013838910687503,1.0679663126053323e-05,24.93751240987815,0.5,0.5372982400664259,2.7090252523171277,8.881784197001252e-16,False,51.0
120,140.3201494216919,-0.006359403899186983,1.6704269885535647e-09,3.437043060514674,2.9343155045535125,1.7897087645059775,0.0,0,0.00013838910687568066,1.0679663125508196e-05,24.937512409878103,0.5,0.5372982400664257,2.709025251380906,8.881784197001252e-16,False,51.0
121,141.59330987930298,-0.0063594038993299426,1.6879532648297626e-09,3.437043060517133,2.934315504553511,1.7897087645107026,0.0,0,0.00013838910687633742,1.0679663124957318e-05,24.937512409878085,0.5,0.5372982400664256,2.7090252504348613,8.881784197001252e-16,False,51.0
122,142.8672366142273,-0.006359403899474434,1.7060409594990226e-09,3.4370430605196174,2.9343155045535076,1.7897087645154788,0.0,0,0.00013838910687700184,1.0679663124400513e-05,24.93751240987805,0.5,0.5372982400664252,2.709025249478679,8.881784197001252e-16,False,51.0
123,144.13482928276062,-0.006359403899620507,1.7247206743903733e-09,3.437043060522129,2.9343155045535054,1.789708764520307,0.0,0,0.00013838910687767416,1.0679663123837644e-05,24.937512409878025,0.5,0.5372982400664248,2.7090252485120274,8.881784197001252e-16,False,51.0
124,145.4048330783844,-0.006359403899768215,1.7440254164907591e-09,3.43704306052467,2.9343155045535028,1.7897087645251895,0.0,0,0.0001383891068783535,1.0679663123268426e-05,24.93751240987798,0.5,0.5372982400664246,2.709025247534556,8.881784197001252e-16,False,51.0
125,146.6731514930725,-0.006359403899917614,1.763990730017081e-09,3.437043060527239,2.9343155045535005,1.7897087645301275,0.0,0,0.00013838910687903957,1.067966312269272e-05,24.937512409877943,0.5,0.5372982400664243,2.7090252465458944,8.881784197001252e-16,False,51.0
126,147.94664001464844,-0.006359403900068763,1.7846549707886392e-09,3.4370430605298394,2.9343155045534997,1.7897087645351235,0.0,0,0.00013838910687973533,1.0679663122110347e-05,24.937512409877925,0.5,0.5372982400664242,2.7090252455456514,8.881784197001252e-16,False,51.0
127,149.23616743087769,-0.006359403900221725,1.5010211766342373e-08,3.4370430605324698,2.934315504553496,1.78970876454018,0.0,0,0.00013838910688043738,1.0679663121520846e-05,24.93751240987789,0.5,0.537298240066424,2.7090252445334113,8.881784197001252e-16,False,51.0
128,150.51545572280884,-0.006359403900376566,1.8282507959160487e-09,3.4370430605351325,2.934315504553494,1.7897087645452976,0.0,0,0.0001383891068811503,1.0679663120924168e-05,24.937512409877865,0.5,0.5372982400664238,2.709025243508734,8.881784197001252e-16,False,51.0
129,151.78832578659058,-0.0063594039005333575,1.8512766371551786e-09,3.437043060537828,2.9343155045534908,1.7897087645504803,0.0,0,0.000138389106881871,1.0679663120319955e-05,24.93751240987782,0.5,0.5372982400664235,2.7090252424711516,8.881784197001252e-16,False,51.0
130,153.06051349639893,-0.006359403900692174,1.875191144290305e-09,3.4370430605405606,2.934315504553489,1.78970876455573,0.0,0,0.00013838910688260142,1.0679663119707964e-05,24.937512409877794,0.5,0.5372982400664233,2.7090252414201657,8.881784197001252e-16,False,51.0
131,154.33335399627686,-0.0063594039008530966,1.900052803893949e-09,3.4370430605433286,2.9343155045534868,1.789708764561049,0.0,0,0.0001383891068833406,1.0679663119087804e-05,24.937512409877765,0.5,0.537298240066423,2.7090252403552455,8.881784197001252e-16,False,51.0
132,155.61238837242126,-0.00635940390101621,1.9259256769157255e-09,3.4370430605461344,2.934315504553485,1.7897087645664407,0.0,0,0.0001383891068840911,1.0679663118459346e-05,24.93751240987773,0.5,0.5372982400664228,2.7090252392758245,8.881784197001252e-16,False,51.0
133,156.882257938385,-0.006359403901181606,1.9528799476183683e-09,3.437043060548978,2.9343155045534814,1.7897087645719076,0.0,0,0.0001383891068848516,1.0679663117822028e-05,24.937512409877694,0.5,0.5372982400664227,2.7090252381812965,8.881784197001252e-16,False,51.0
134,158.15269994735718,-0.006359403901349384,2.116633040433851e-08,3.437043060551864,2.9343155045534792,1.7897087645774534,0.0,0,0.0001383891068856225,1.0679663117175457e-05,24.93751240987767,0.5,0.5372982400664224,2.7090252370710117,8.881784197001252e-16,False,51.0
135,159.42279076576233,-0.006359403901519648,2.010349953568523e-09,3.4370430605547933,2.934315504553478,1.7897087645830814,0.0,0,0.00013838910688640572,1.0679663116519413e-05,24.937512409877634,0.5,0.537298240066422,2.7090252359442735,8.881784197001252e-16,False,51.0
136,160.69977498054504,-0.006359403901692511,2.0410450006034603e-09,3.437043060557766,2.934315504553475,1.7897087645887955,0.0,0,0.00013838910688720096,1.0679663115853335e-05,24.9375124098776,0.5,0.5372982400664218,2.7090252348003316,8.881784197001252e-16,False,51.0
137,161.96854710578918,-0.006359403901868096,2.073182921495213e-09,3.437043060560785,2.9343155045534712,1.7897087645945993,0.0,0,0.00013838910688800766,1.0679663115176637e-05,24.937512409877563,0.5,0.5372982400664216,2.709025233638377,8.881784197001252e-16,False,51.0
138,163.24490690231323,-0.006359403902046535,2.1068796474305057e-09,3.437043060563854,2.9343155045534686,1.789708764600497,0.0,0,0.00013838910688882797,1.0679663114489057e-05,24.937512409877527,0.5,0.5372982400664214,2.709025232457537,8.881784197001252e-16,False,51.0
139,164.55062127113342,-0.006359403902227972,2.1422651613049215e-09,3.4370430605669755,2.934315504553467,1.7897087646064946,0.0,0,0.00013838910688966253,1.0679663113789867e-05,24.9375124098775,0.5,0.5372982400664214,2.709025231256864,8.881784197001252e-16,False,51.0
140,165.8220338821411,-0.00635940390241256,2.1794849509777464e-09,3.4370430605701503,2.9343155045534646,1.7897087646125962,0.0,0,0.00013838910689051108,1.067966311307853e-05,24.937512409877463,0.5,0.537298240066421,2.7090252300353304,8.881784197001252e-16,False,51.0
141,167.09274673461914,-0.00635940390260047,2.2187024140776824e-09,3.437043060573383,2.934315504553462,1.7897087646188075,0.0,0,0.00013838910689137503,1.067966311235451e-05,24.93751240987744,0.5,0.5372982400664208,2.7090252287918166,8.881784197001252e-16,False,51.0
142,168.36483550071716,-0.006359403902791886,2.2601024397628024e-09,3.4370430605766744,2.934315504553459,1.7897087646251348,0.0,0,0.00013838910689225565,1.0679663111616878e-05,24.937512409877392,0.5,0.5372982400664206,2.7090252275250997,8.881784197001252e-16,False,51.0
143,169.64143538475037,-0.006359403902987011,2.3038941235371274e-09,3.4370430605800313,2.9343155045534566,1.7897087646315843,0.0,0,0.0001383891068931533,1.067966311086505e-05,24.937512409877368,0.5,0.5372982400664202,2.709025226233839,8.881784197001252e-16,False,51.0
144,170.91199111938477,-0.006359403903186067,2.3503161704008545e-09,3.4370430605834548,2.934315504553454,1.789708764638164,0.0,0,0.0001383891068940683,1.0679663110097958e-05,24.937512409877332,0.5,0.5372982400664199,2.7090252249165596,8.881784197001252e-16,False,51.0
145,172.17780566215515,-0.006359403903389301,2.3996417863398884e-09,3.4370430605869497,2.9343155045534504,1.7897087646448822,0.0,0,0.00013838910689500234,1.0679663109314793e-05,24.937512409877296,0.5,0.5372982400664198,2.709025223571635,8.881784197001252e-16,False,51.0
146,173.45025515556335,-0.006359403903596985,2.4521853879303047e-09,3.4370430605905224,2.934315504553448,1.7897087646517467,0.0,0,0.00013838910689595627,1.0679663108514491e-05,24.93751240987726,0.5,0.5372982400664195,2.709025222197261,8.881784197001252e-16,False,51.0
147,174.71699619293213,-0.006359403903809423,1.5110798414763117e-08,3.437043060594176,2.9343155045534446,1.789708764658769,0.0,0,0.0001383891068969336,1.0679663107695849e-05,24.937512409877225,0.5,0.5372982400664192,2.7090252207914305,8.881784197001252e-16,False,51.0
148,175.9852740764618,-0.006359403904026953,2.568443006501268e-09,3.4370430605979183,2.9343155045534424,1.7897087646659595,0.0,0,0.0001383891068979338,1.0679663106857608e-05,24.93751240987719,0.5,0.537298240066419,2.7090252193518976,8.881784197001252e-16,False,51.0
149,177.25281500816345,-0.0063594039042499575,1.5132009521678228e-08,3.4370430606017544,2.9343155045534397,1.789708764673331,0.0,0,0.00013838910689895848,1.0679663105998236e-05,24.937512409877154,0.5,0.5372982400664187,2.709025217876138,8.881784197001252e-16,False,51.0
150,178.52087020874023,-0.006359403904478867,2.702808903191822e-09,3.4370430606056925,2.9343155045534375,1.7897087646808978,0.0,0,0.00013838910690001008,1.06796631051161e-05,24.937512409877126,0.5,0.5372982400664185,2.7090252163612973,8.881784197001252e-16,False,51.0
151,179.79465103149414,-0.006359403904714174,1.5157959699448728e-08,3.437043060609741,2.9343155045534353,1.789708764688676,0.0,0,0.00013838910690109238,1.0679663104209341e-05,24.9375124098771,0.5,0.5372982400664182,2.709025214804127,8.881784197001252e-16,False,51.0
152,181.06879043579102,-0.006359403904956439,2.8604978753745175e-09,3.437043060613909,2.934315504553433,1.7897087646966843,0.0,0,0.00013838910690220675,1.0679663103275787e-05,24.937512409877066,0.5,0.5372982400664181,2.7090252132009063,8.881784197001252e-16,False,51.0
153,182.34313416481018,-0.006359403905206312,2.950329046935448e-09,3.437043060618207,2.9343155045534295,1.7897087647049434,0.0,0,0.00013838910690335555,1.067966310231294e-05,24.93751240987702,0.5,0.5372982400664179,2.709025211547338,8.881784197001252e-16,False,51.0
154,183.61534476280212,-0.006359403905464549,1.5209916292121525e-08,3.437043060622649,2.9343155045534264,1.7897087647134802,0.0,0,0.00013838910690454313,1.067966310131781e-05,24.937512409876994,0.5,0.5372982400664175,2.709025209838417,8.881784197001252e-16,False,51.0
155,184.88682913780212,-0.00635940390573204,1.523219614476985e-08,3.4370430606272504,2.934315504553423,1.789708764722322,0.0,0,0.0001383891069057725,1.0679663100287042e-05,24.93751240987696,0.5,0.5372982400664172,2.709025208068257,8.881784197001252e-16,False,51.0
156,186.1609592437744,-0.006359403906009843,3.280106954743965e-09,3.4370430606320306,2.934315504553421,1.789708764731505,0.0,0,0.00013838910690705005,1.0679663099216607e-05,24.937512409876923,0.5,0.5372982400664168,2.7090252062298577,8.881784197001252e-16,False,51.0
157,187.43419742584229,-0.006359403906299231,3.416905812924322e-09,3.4370430606370084,2.9343155045534175,1.7897087647410712,0.0,0,0.0001383891069083802,1.0679663098101388e-05,24.937512409876888,0.5,0.5372982400664167,2.709025204314787,8.881784197001252e-16,False,51.0
158,188.71136212348938,-0.006359403906601764,3.5720953129559246e-09,3.437043060642215,2.934315504553416,1.7897087647510719,0.0,0,0.00013838910690977142,1.0679663096935603e-05,24.93751240987686,0.5,0.5372982400664166,2.709025202312737,8.881784197001252e-16,False,51.0
159,189.98542857170105,-0.006359403906919376,3.7501561430961345e-09,3.4370430606476794,2.9343155045534135,1.7897087647615704,0.0,0,0.0001383891069112314,1.0679663095711708e-05,24.937512409876824,0.5,0.5372982400664164,2.709025200210889,8.881784197001252e-16,False,51.0
160,191.26441740989685,-0.006359403907254528,3.957249119897672e-09,3.4370430606534463,2.9343155045534113,1.7897087647726497,0.0,0,0.00013838910691277238,1.0679663094420178e-05,24.9375124098768,0.5,0.5372982400664162,2.7090251979929723,8.881784197001252e-16,False,51.0
161,192.53343677520752,-0.006359403907610418,4.2021148259567005e-09,3.437043060659571,2.9343155045534095,1.789708764784414,0.0,0,0.00013838910691440834,1.0679663093048747e-05,24.937512409876764,0.5,0.5372982400664158,2.7090251956378153,8.881784197001252e-16,False,51.0
162,193.80316162109375,-0.006359403907991336,4.497639577522899e-09,3.4370430606661246,2.9343155045534064,1.7897087647970056,0.0,0,0.0001383891069161593,1.0679663091580885e-05,24.937512409876728,0.5,0.5372982400664157,2.7090251931170255,8.881784197001252e-16,False,51.0
163,195.07029271125793,-0.006359403908403262,4.863751374893272e-09,3.4370430606732123,2.934315504553403,1.7897087648106225,0.0,0,0.00013838910691805304,1.0679663089993482e-05,24.937512409876692,0.5,0.5372982400664154,2.709025190391041,8.881784197001252e-16,False,51.0
164,196.34409880638123,-0.0063594039088549475,5.333218653029332e-09,3.4370430606809856,2.934315504553401,1.7897087648255539,0.0,0,0.00013838910692012916,1.0679663088252852e-05,24.937512409876668,0.5,0.5372982400664151,2.7090251874019344,8.881784197001252e-16,False,51.0
165,197.61272501945496,-0.006359403909360099,5.964505583980293e-09,3.4370430606896774,2.934315504553397,1.7897087648422525,0.0,0,0.00013838910692245106,1.0679663086306231e-05,24.93751240987662,0.5,0.5372982400664148,2.7090251840590103,8.881784197001252e-16,False,51.0
166,198.88706851005554,-0.006359403909942325,6.874558287243938e-09,3.4370430606996982,2.9343155045533953,1.7897087648614995,0.0,0,0.00013838910692512763,1.0679663084062627e-05,24.937512409876586,0.5,0.5372982400664146,2.709025180206029,8.881784197001252e-16,False,51.0
167,200.15645956993103,-0.006359403910648788,8.341475570259956e-09,3.4370430607118565,2.9343155045533926,1.789708764884853,0.0,0,0.00013838910692837503,1.0679663081340197e-05,24.93751240987656,0.5,0.5372982400664142,2.7090251755308836,8.881784197001252e-16,False,51.0
168,201.42920637130737,-0.00635940391160207,1.125577498855778e-08,3.437043060728263,2.9343155045533895,1.7897087649163663,0.0,0,0.00013838910693275653,1.0679663077666678e-05,24.937512409876526,0.5,0.5372982400664142,2.709025169222361,8.881784197001252e-16,False,51.0
169,202.69834351539612,-0.006359403913405606,2.1295066288126328e-08,3.437043060759307,2.9343155045533877,1.7897087649759875,0.0,0,0.0001383891069410467,1.0679663070716666e-05,24.93751240987649,0.5,0.5372982400664138,2.709025157287116,8.881784197001252e-16,False,51.0
170,203.9715280532837,-0.006359403910782099,4.0319971418775e-08,3.437043060714145,2.9343155045533864,1.7897087648892582,0.0,0,0.0001383891069289877,1.0679663080826661e-05,24.93751240987646,0.5,0.5372982400664135,2.7090251746487257,8.881784197001252e-16,False,51.0
171,205.24143767356873,-0.006359403911802661,1.205017818887137e-08,3.4370430607317104,2.934315504553384,1.7897087649229957,0.0,0,0.00013838910693367913,1.0679663076893831e-05,24.937512409876437,0.5,0.5372982400664132,2.7090251678949637,8.881784197001252e-16,False,51.0
172,206.51295375823975,-0.00635940391402287,2.6214911756706467e-08,3.4370430607699256,2.934315504553381,1.7897087649963912,0.0,0,0.00013838910694388457,1.0679663068338053e-05,24.93751240987639,0.5,0.537298240066413,2.7090251532022926,8.881784197001252e-16,False,51.0
173,207.7826840877533,-0.006359403912597131,2.2481965623283117e-08,3.437043060745381,2.934315504553379,1.789708764949258,0.0,0,0.00013838910693733067,1.0679663073832299e-05,24.937512409876366,0.5,0.5372982400664128,2.7090251626374258,8.881784197001252e-16,False,51.0
174,209.05745601654053,-0.006359403938737261,4.359773610882047e-07,3.4370430611954093,2.934315504553441,1.7897087658134119,0.0,0,0.00013838910705748738,1.06796629730987e-05,24.937512409876337,0.5,0.5372982400664009,2.709024989649796,8.881784197001252e-16,False,51.0
175,210.33190083503723,-0.006359403938663313,1.4926721167184173e-08,3.4370430611941343,2.9343155045534393,1.7897087658109667,0.0,0,0.00013838910705714775,1.0679662973383702e-05,24.9375124098763,0.5,0.5372982400664007,2.7090249901391763,8.881784197001252e-16,False,51.0
176,211.61316514015198,-0.006359403938589156,1.4926866686211287e-08,3.437043061192855,2.934315504553436,1.7897087658085147,0.0,0,0.00013838910705680715,1.067966297366953e-05,24.937512409876266,0.5,0.5372982400664004,2.7090249906299486,8.881784197001252e-16,False,51.0
177,212.88563871383667,-0.0063594039385147854,8.781447790579622e-10,3.4370430611915714,2.934315504553433,1.7897087658060553,0.0,0,0.00013838910705646582,1.0679662973956169e-05,24.93751240987623,0.5,0.5372982400664003,2.709024991122125,8.881784197001252e-16,False,51.0
178,214.16118097305298,-0.006359403938440201,8.806718167030276e-10,3.437043061190285,2.9343155045534304,1.7897087658035888,0.0,0,0.0001383891070561225,1.067966297424361e-05,24.937512409876195,0.5,0.5372982400663996,2.709024991615718,8.881784197001252e-16,False,51.0
179,215.43238639831543,-0.006359403938365401,1.4927313351837537e-08,3.437043061188995,2.9343155045534277,1.7897087658011155,0.0,0,0.000138389107055779,1.0679662974531853e-05,24.93751240987616,0.5,0.5372982400663994,2.709024992110739,8.881784197001252e-16,False,51.0
180,216.70444703102112,-0.0063594039382903825,1.4927465713407436e-08,3.437043061187701,2.9343155045534255,1.789708765798635,0.0,0,0.00013838910705543347,1.0679662974820969e-05,24.937512409876135,0.5,0.5372982400663991,2.7090249926072016,8.881784197001252e-16,False,51.0
181,217.97582268714905,-0.006359403938215145,8.883859065688943e-10,3.4370430611864027,2.934315504553422,1.789708765796147,0.0,0,0.0001383891070550877,1.0679662975110908e-05,24.9375124098761,0.5,0.5372982400663989,2.709024993105118,8.881784197001252e-16,False,51.0
182,219.24777269363403,-0.006359403938139686,8.910025768589086e-10,3.437043061185101,2.9343155045534197,1.7897087657936515,0.0,0,0.00013838910705474126,1.0679662975401766e-05,24.937512409876064,0.5,0.5372982400663988,2.7090249936045008,8.881784197001252e-16,False,51.0
183,220.52425265312195,-0.006359403938064004,8.936425517608897e-10,3.4370430611837963,2.9343155045534175,1.789708765791149,0.0,0,0.00013838910705439364,1.0679662975693388e-05,24.937512409876035,0.5,0.5372982400663986,2.7090249941053632,8.881784197001252e-16,False,51.0
184,221.79579639434814,-0.006359403937988096,8.963060560163081e-10,3.437043061182487,2.934315504553415,1.7897087657886388,0.0,0,0.0001383891070540457,1.0679662975986017e-05,24.937512409875993,0.5,0.5372982400663985,2.7090249946077187,8.881784197001252e-16,False,51.0
185,223.06746196746826,-0.0063594039379119595,8.989935443686087e-10,3.4370430611811744,2.9343155045534126,1.7897087657861215,0.0,0,0.00013838910705369554,1.0679662976279394e-05,24.937512409875964,0.5,0.5372982400663981,2.7090249951115806,8.881784197001252e-16,False,51.0
186,224.3420386314392,-0.006359403937835594,9.017052431107121e-10,3.437043061179857,2.93431550455341,1.7897087657835962,0.0,0,0.00013838910705334437,1.0679662976573633e-05,24.93751240987594,0.5,0.5372982400663978,2.709024995616962,8.881784197001252e-16,False,51.0
187,225.61489176750183,-0.006359403937758997,9.044416517120366e-10,3.4370430611785356,2.934315504553407,1.789708765781063,0.0,0,0.00013838910705299263,1.067966297686885e-05,24.937512409875893,0.5,0.5372982400663977,2.709024996123877,8.881784197001252e-16,False,51.0
188,226.88835620880127,-0.006359403937682166,9.072031310141836e-10,3.4370430611772105,2.934315504553404,1.7897087657785224,0.0,0,0.00013838910705264007,1.0679662977164941e-05,24.93751240987587,0.5,0.5372982400663976,2.70902499663234,8.881784197001252e-16,False,51.0
189,228.15954613685608,-0.006359403937605099,9.099900001207298e-10,3.437043061175881,2.9343155045534015,1.789708765775974,0.0,0,0.00013838910705228565,1.0679662977461974e-05,24.937512409875833,0.5,0.5372982400663973,2.709024997142365,8.881784197001252e-16,False,51.0
190,229.4361846446991,-0.006359403937527794,9.128027113150812e-10,3.4370430611745477,2.934315504553399,1.789708765773418,0.0,0,0.00013838910705193008,1.0679662977759853e-05,24.937512409875797,0.5,0.5372982400663971,2.7090249976539664,8.881784197001252e-16,False,51.0
191,230.70920395851135,-0.006359403937450248,9.156416277706747e-10,3.4370430611732106,2.934315504553396,1.7897087657708535,0.0,0,0.00013838910705157392,1.067966297805871e-05,24.93751240987577,0.5,0.5372982400663967,2.709024998167159,8.881784197001252e-16,False,51.0
192,231.98222255706787,-0.00635940393737246,9.185072031122096e-10,3.4370430611718694,2.9343155045533944,1.7897087657682815,0.0,0,0.00013838910705121638,1.067966297835854e-05,24.937512409875733,0.5,0.5372982400663964,2.7090249986819575,8.881784197001252e-16,False,51.0
193,233.25132751464844,-0.0063594039372944266,9.213997997482199e-10,3.437043061170523,2.9343155045533913,1.7897087657657014,0.0,0,0.0001383891070508578,1.0679662978659282e-05,24.937512409875698,0.5,0.5372982400663961,2.7090249991983772,8.881784197001252e-16,False,51.0
194,234.52484965324402,-0.006359403937216145,2.1093685713741367e-08,3.4370430611691734,2.934315504553389,1.7897087657631126,0.0,0,0.00013838910705049883,1.0679662978960987e-05,24.937512409875673,0.5,0.5372982400663959,2.7090249997164335,8.881784197001252e-16,False,51.0
195,235.79963994026184,-0.006359403937137615,1.492998427527476e-08,3.4370430611678184,2.934315504553386,1.789708765760516,0.0,0,0.00013838910705013782,1.0679662979263621e-05,24.937512409875637,0.5,0.5372982400663958,2.7090250002361422,8.881784197001252e-16,False,51.0
196,237.07066416740417,-0.006359403937058833,9.302441149204867e-10,3.43704306116646,2.9343155045533833,1.789708765757911,0.0,0,0.00013838910704977653,1.0679662979567252e-05,24.937512409875602,0.5,0.5372982400663956,2.709025000757519,8.881784197001252e-16,False,51.0
197,238.36002039909363,-0.006359403936979796,9.332491947357173e-10,3.4370430611650966,2.93431550455338,1.7897087657552972,0.0,0,0.00013838910704941262,1.067966297987183e-05,24.937512409875566,0.5,0.5372982400663954,2.70902500128058,8.881784197001252e-16,False,51.0
198,239.6359508037567,-0.006359403936900502,1.493054693975211e-08,3.437043061163729,2.934315504553378,1.7897087657526753,0.0,0,0.00013838910704904884,1.0679662980177499e-05,24.93751240987553,0.5,0.5372982400663951,2.7090250018053417,8.881784197001252e-16,False,51.0
199,240.91301679611206,-0.0063594039368209485,9.39347808037591e-10,3.437043061162358,2.934315504553376,1.7897087657500448,0.0,0,0.0001383891070486837,1.0679662980484064e-05,24.937512409875513,0.5,0.5372982400663949,2.7090250023318205,8.881784197001252e-16,False,51.0
