iteration,time,cost,distance,residual,gradnorm,maxviolation,meanviolation,Phi,sigma,rho,maxabsLagmult,stepsize,linesearch_status,linesearch_counter,NTdir_error1,NTdir_error2,NTdir_norm,NTdir_angle
0,0.0,-0.015870409695534285,0.0,3.2876635027356964,2.869688632569408,0.0,0.0,26.97096867620421,0.5,1.0,1.0,,,,,,,
1,0.142927885055542,-0.024398492760110774,0.35828636560648797,2.8729450132887635,2.3981389332144336,0.0,0.0,20.975012580707492,0.5,0.9177624107745509,1.2332629131210764,0.125,True,3.0,1.1497512689407108e-14,2.842170943040401e-14,6.658852797730026,0.06474209641171613
2,0.28015780448913574,-0.03289512082227773,0.7741545953700423,2.6142085295894923,2.150509539946685,0.04417482592658928,0.005092515375386379,14.786001419265128,0.5,0.7496613370954711,1.7049759350495912,0.125,True,3.0,3.893790717703832e-14,4.618527782440651e-14,15.125515805847549,0.025267277211457714
3,0.42196202278137207,-0.038878963757311605,0.2657399739328466,2.3745713131889565,1.9125829352978652,0.0,0.0,12.100275249939813,0.5,0.6938532928454185,1.8058665764969877,0.125,True,3.0,4.528073562559084e-15,3.552713678800501e-15,6.5209627193322275,0.04935518196495536
4,0.5645370483398438,-0.040058124201136046,0.22695996447877684,2.3401410208245084,1.8707820646657027,0.07885118232348587,0.006181505725841861,11.460381651619054,0.5,0.6734389877783804,2.0077546737472574,0.03125,True,5.0,3.3051900120541733e-14,9.592326932761353e-14,22.479250383009248,0.012945158352417139
5,0.7007548809051514,-0.044663557651595666,0.19859500501077804,2.1233834113663215,1.6594050646178602,0.0031459410485085324,0.00043316746775460803,9.373717525149587,0.5,0.6227630812277571,2.10240958903263,0.125,True,3.0,8.729470504879356e-15,1.7763568394002505e-14,6.906903326582145,0.040847702279200926
6,0.8342981338500977,-0.0455696452485594,0.23825845180744792,2.0826511650987216,1.619461314838926,0.004792046979985019,0.00036861899846038607,8.871561260730338,0.5,0.603591052507433,2.1321015243692827,0.03125,True,5.0,9.500326475168109e-15,5.329070518200751e-15,26.30437350613839,0.009648005790226238
7,0.9684278964996338,-0.04866999251476792,0.20129396469090519,1.8746440080441273,1.4067029578851102,0.007050521182451332,0.000885437677191048,7.117696088313964,0.5,0.5509813283830994,2.5455747994569826,0.125,True,3.0,5.974360451705198e-15,1.4210854715202004e-14,6.747510835240983,0.036607112802073474
8,1.110015869140625,-0.048808857223955365,0.1276342468435139,1.8818160032676656,1.4077455485241257,0.06497897513159945,0.008700350396674699,7.064467105896074,0.5,0.5465215009279113,2.576289766133193,0.00390625,True,8.0,1.0883665882599641e-13,1.723066134218243e-13,125.15467926634437,0.001718350539412579
9,1.6759109497070312,-0.04989529451043145,0.10704606943087416,1.7925296264898503,1.325471679763945,0.02318954891845615,0.0034146032233825416,6.433392145594209,0.5,0.527440956796568,2.6871252379530164,0.0625,True,4.0,2.324063365967891e-15,0.0,7.767982013665213,0.02765494659301865
10,1.9067587852478027,-0.05006926516234232,0.06570755184284358,1.7713724123698937,1.30607901470971,0.0081109280243533,0.0009796587710300766,6.286402214306871,0.5,0.5225390296142808,2.7347244133323203,0.015625,True,6.0,6.878376114758233e-15,1.5987211554602254e-14,17.13198480503696,0.011836184412679012
11,2.044473171234131,-0.0502144066228706,0.052386147052835126,1.7628120632499755,1.2964969221164595,0.017516850103137527,0.0030892069670638363,6.211797061471981,0.5,0.5197950683170427,2.7562508950243885,0.0078125,True,7.0,1.4661952191311366e-14,1.7763568394002505e-15,28.125180600010744,0.007100487959260446
12,2.1841819286346436,-0.05028620995057026,0.04162641585711393,1.75212335558937,1.286913806217144,0.008294990393809985,0.0010215740780482934,6.141121513654246,0.5,0.51744258296554,2.7800300498376393,0.0078125,True,7.0,1.0175080548510329e-14,1.2434497875801753e-14,21.672517162290454,0.009149460539135195
13,2.3274149894714355,-0.050337248038984775,0.032889792310626,1.7505914862410936,1.2846828388289615,0.014137769299897629,0.0027231178745870995,6.122584275851774,0.5,0.5166825222625872,2.784726364485844,0.001953125,True,9.0,3.339137059364227e-14,3.019806626980426e-14,70.15072541425175,0.0028047318225577437
14,2.4621920585632324,-0.05039679144775509,0.05176613939484131,1.7401983769953022,1.2754397624801133,0.008391498788339254,0.0010103826442340422,6.052078422994452,0.5,0.5141489737734822,2.808894183426276,0.0078125,True,7.0,1.4384427480595393e-14,1.2434497875801753e-14,27.082620860959224,0.007253969954389713
15,2.604282855987549,-0.0504636502498353,0.022774769275627597,1.7356052248689637,1.2705549077362257,0.008443805847416283,0.0011259548755637764,6.017388195038347,0.5,0.513006449135408,2.8196751139137404,0.00390625,True,8.0,1.5737570944101455e-14,2.6645352591003757e-14,25.090242642352866,0.007768931225787402
16,2.7543270587921143,-0.050472955559736014,0.009512507027208562,1.7356589123471793,1.2704239092151037,0.008450576532267991,0.001618199678260684,6.016234100090678,0.5,0.5129546469285038,2.819706467025414,0.0001220703125,True,13.0,1.7131140853181135e-13,1.4921397450962104e-13,325.46515323027165,0.0005967692097844256
17,2.9050140380859375,-0.05047083131457843,0.00991638577455897,1.734864739008779,1.2698312953616744,0.008449746585090685,0.0011182311432964228,6.011933262799333,0.5,0.512808492790784,2.821462493048238,0.00048828125,True,11.0,4.1492210385672236e-14,9.059419880941277e-14,84.15700322243053,0.0023078953341948935
18,3.0573718547821045,-0.05047924886566645,0.0084133336113759,1.7348887338614551,1.2696950122765582,0.008455889662003693,0.001523820509566087,6.010802025712763,0.5,0.512761129906739,2.8215285730068635,0.0001220703125,True,13.0,1.3423756291728348e-11,3.6344260934129125e-12,288.0708509939598,0.0006738419292682408
19,3.2022359371185303,-0.050475349939247134,0.012030635063422744,1.734077001179705,1.2691150080909848,0.008453800987096432,0.0010405806160884148,6.006455519655121,0.5,0.5126048725730153,2.8233618002268903,0.00048828125,True,11.0,3.306961596872107e-14,1.0658141036401503e-14,102.2433655319412,0.0018985062754118033
20,3.347442865371704,-0.050483705602518816,0.006509245294690656,1.7338887609902043,1.26881580780618,0.008460046670962996,0.001240243444730609,6.004305072337103,0.5,0.5125324485366544,2.823848068134376,0.000244140625,True,12.0,6.425070487062796e-14,2.842170943040401e-14,111.90896002447818,0.0017335040667047694
21,3.50068998336792,-0.05047980542308187,0.0051786197342636175,1.7337643282641824,1.2687841767882242,0.008457324166139205,0.0010414763976091526,6.004013244926711,0.5,0.5125186635346257,2.824117710002765,3.0517578125e-05,True,15.0,1.0073983008868666e-12,1.5099033134902129e-12,707.6301453644295,0.00027410155747063276
22,3.6451499462127686,-0.05048486855397872,0.004324532936063733,1.7336888638673882,1.2686340515556216,0.008461075855076496,0.0012095114367962157,6.002941969238903,0.5,0.5124830747550359,2.8243226937878054,0.0001220703125,True,13.0,1.8261459316663978e-13,1.545430450278218e-13,148.49935639663659,0.0013060414491286119
23,3.8053388595581055,-0.05048340705441187,0.0017837841202465962,1.7336560904930256,1.2686336824786153,0.00846004000957873,0.001141045427746547,6.002930233934085,0.5,0.5124821187869248,2.824387927788196,9.5367431640625e-07,True,20.0,1.2753999691784946e-11,1.0960121699099545e-11,7806.637849040392,2.4842000132821854e-05
24,3.994288206100464,-0.05048602871768082,0.0027223180928155235,1.7336687847391237,1.2685969066721707,0.008461942226323555,0.0012458542587900471,6.002659579955746,0.5,0.5124726215444382,2.824381530816294,3.0517578125e-05,True,15.0,1.273632919444547e-13,3.907985046680551e-14,372.9586398936845,0.000519973545461823
25,4.148367881774902,-0.05048518763303026,0.0011313173626241579,1.7336382451813888,1.2685875707901202,0.00846135464167363,0.0012026293505136613,6.002592636790187,0.5,0.512470382177375,2.824443372728936,7.62939453125e-06,True,17.0,7.919357030583076e-13,1.2576606422953773e-12,618.3713714051469,0.0003136119706139619
26,4.311954975128174,-0.05048578207817887,0.0007125923342010769,1.7336509947499141,1.2685871007026859,0.008461777664341046,0.001229934739541649,6.00258797554032,0.5,0.5124701462907261,2.8244197928877455,4.76837158203125e-07,True,21.0,2.1460103628408795e-11,2.6275870368408505e-11,6238.514632962796,3.108510243405534e-05
27,4.47213888168335,-0.05048541265466029,0.0004754918861895859,1.7336397594791297,1.2685847414172875,0.008461517677789144,0.0012117475735700393,6.0025713408193555,0.5,0.5124696071746818,2.82444200641097,1.9073486328125e-06,True,19.0,1.1615247785422568e-12,2.362554596402333e-13,1040.0051240387152,0.00018646665717587688
28,4.634670972824097,-0.05048519497636282,0.0002670577958430269,1.7336345409676948,1.2685844579020558,0.008461363367967566,0.0012015148042836964,6.002569213464112,0.5,0.5124695301388897,2.824452058415776,2.384185791015625e-07,True,22.0,1.7616132339746116e-12,6.075140390748857e-13,4674.974618936998,4.148149230292058e-05
29,4.799638986587524,-0.05048542640462654,0.0002766401753577886,1.7336393641055747,1.268584175734897,0.008461528083471878,0.0012121209167648241,6.002567079986557,0.5,0.5124694519077659,2.824443059106682,2.384185791015625e-07,True,22.0,9.212621177992741e-12,8.597567102697212e-12,4843.933918777048,4.003446839392037e-05
30,4.9650938510894775,-0.0504852234220346,0.0002492663291429432,1.7336344699287354,1.2685838897832087,0.008461384209541697,0.001202570407797325,6.002564962835418,0.5,0.5124693769265961,2.8244524877644936,2.384185791015625e-07,True,22.0,3.475240828713801e-12,4.0962788716569776e-12,4363.488614722928,4.444261756474369e-05
31,5.132091760635376,-0.05048536945123644,0.00017501975942494128,1.7336375556801904,1.268583746676719,0.008461488099200826,0.0012092803823753318,6.0025639046087305,0.5,0.5124693395218232,2.824446702080968,1.1920928955078125e-07,True,23.0,6.694758296895159e-12,3.360867140145274e-12,6128.990360063182,3.1640494965600436e-05
32,5.307175874710083,-0.0504853173581762,6.350621274368115e-05,1.7336363449096333,1.2685837099407158,0.008461451132881964,0.0012068468629471973,6.002563644100152,0.5,0.5124693309833976,2.8244490141707588,2.9802322387695312e-08,True,25.0,6.416752264464707e-12,1.84385839929746e-12,8894.19586125756,2.1803503848948967e-05
33,5.484670877456665,-0.050485258268734456,7.158985754916625e-05,1.7336350203486184,1.2685837065744536,0.008461409164843042,0.0012041028405033185,6.002563606400453,0.5,0.512469328882071,2.8244515335881593,3.725290298461914e-09,True,28.0,4.447535688930719e-11,5.376499245812738e-11,80215.42229523796,2.417546268949523e-06
34,5.65582799911499,-0.050485287865999616,3.561021854811394e-05,1.7336356584760837,1.2685836880072856,0.008461430208163858,0.0012054680359135416,6.002563476973612,0.5,0.5124693247799974,2.824450329167441,1.4901161193847656e-08,True,26.0,9.238801615065356e-12,9.807266110328783e-12,9975.858891679376,1.9439363184400453e-05
35,5.832427024841309,-0.05048532133528234,4.0408115374688295e-05,1.7336363953549978,1.2685836789886964,0.008461453992915402,0.0012070169333371098,6.002563411150162,0.5,0.5124693225054586,2.8244489349279136,7.450580596923828e-09,True,27.0,2.0407080037575944e-11,1.9976909015895217e-11,22639.12415963299,8.565897452832908e-06
36,6.011581897735596,-0.050485302405277196,2.294455225798275e-05,1.73363596942822,1.268583676765459,0.008461440548404267,0.0012061375305310515,6.002563394563201,0.5,0.5124693219103903,2.824449744349511,1.862645149230957e-09,True,29.0,2.0768439458195556e-11,9.9298347322474e-12,51417.92375488371,3.7715350056449195e-06
37,6.189624071121216,-0.050485324534600154,2.6762535586537494e-05,1.7336364614217992,1.2685836745925485,0.008461456270576777,0.0012071633139685968,6.002563377765094,0.5,0.5124693212728342,2.8244488119907616,1.862645149230957e-09,True,29.0,4.567178373270387e-11,6.415312725494005e-11,59975.133293570936,3.233414254017163e-06
38,6.369913101196289,-0.05048531007999254,1.752658345022322e-05,1.7336361354376348,1.2685836723111363,0.008461446005104028,0.0012064915820993237,6.002563361421803,0.5,0.5124693207268296,2.8244494315612587,1.862645149230957e-09,True,29.0,3.3034986087983e-11,6.320455270270031e-11,39276.26791186998,4.937447394919721e-06
39,6.595455884933472,-0.05048531548490408,6.542371960751222e-06,1.7336362561836887,1.268583672248651,0.00846144984458583,0.0012067423420893202,6.002563360874172,0.5,0.5124693207023369,2.824449202478854,5.820766091346741e-11,True,34.0,1.275931927241786e-10,2.0668977640525554e-10,469167.7644076514,4.133371562851395e-07
40,6.782646894454956,-0.05048530984726267,6.828395648756662e-06,1.7336361298059433,1.2685836719656574,0.008461445840172954,0.0012064806217007835,6.002563358822106,0.5,0.5124693206322439,2.8244494424324498,2.3283064365386963e-10,True,32.0,2.0631072378812695e-10,1.4240519874419988e-10,122419.61262606282,1.5840965276496794e-06
41,7.453512907028198,-0.05048531430968416,5.401303995679444e-06,1.7336362294775172,1.2685836718995567,0.008461449010149454,0.0012066876497275367,6.002563358289618,0.5,0.5124693206108005,2.8244492533314776,5.820766091346741e-11,True,34.0,2.0828645459865278e-10,1.7493739790097607e-10,387345.21068776055,5.006502302464291e-07
42,7.639523983001709,-0.05048531042099757,4.709346036464571e-06,1.7336361423725075,1.268583671757758,0.008461446247960107,0.0012065071467467115,6.002563357264847,0.5,0.512469320576008,2.824449418693128,1.1641532182693481e-10,True,33.0,6.810237246550735e-10,8.15365552853109e-11,168859.9745048161,1.1484336699871016e-06
43,7.832629919052124,-0.050485314281044955,4.672492982517296e-06,1.7336362286223586,1.2685836717266301,0.00846144898999992,0.0012066862401142453,6.002563356990552,0.5,0.5124693205636651,2.8244492550456535,2.9103830456733704e-11,True,35.0,4.147520172284407e-10,8.225740089073952e-10,670161.082520463,2.8936993718043563e-07
44,8.032192945480347,-0.05048531231749,2.377791169740868e-06,1.733636184637927,1.268583671654289,0.008461447595256352,0.0012065950973841263,6.002563356484205,0.5,0.512469320547485,2.824449338541458,5.820766091346741e-11,True,34.0,5.003506524430645e-10,3.6701486294532515e-10,170527.8403352984,1.1372012907423176e-06
45,8.222902059555054,-0.0504853096016912,3.2881038558546876e-06,1.7336361238872935,1.2685836716202372,0.008461445666119881,0.001206469065431723,6.002563356222159,0.5,0.5124693205376081,2.824449453848395,2.9103830456733704e-11,True,35.0,2.5876568456556736e-10,1.5350920534729084e-10,471606.9898926826,4.1119932333817013e-07
46,8.414013862609863,-0.050485310544048555,1.1402446589495342e-06,1.7336361449297002,1.2685836716021217,0.008461446335544723,0.0012065127837804458,6.002563356095697,0.5,0.5124693205335883,2.8244494139225176,1.4551915228366852e-11,True,36.0,4.5139005127265e-10,1.3663914444350667e-10,327182.896119541,5.927096756039824e-07
47,8.613145112991333,-0.05048531111516039,6.911003721030849e-07,1.7336361576905905,1.2685836715976333,0.00846144674124042,0.001206539281935705,6.002563356063912,0.5,0.5124693205325491,2.824449389707826,3.637978807091713e-12,True,38.0,4.684789717570582e-10,1.1644729625004402e-10,793238.6596828338,2.444717844315781e-07
48,8.813764095306396,-0.05048531163764686,6.317177742935807e-07,1.7336361693696218,1.2685836715971626,0.008461447112390986,0.0012065635255592828,6.00256335605956,0.5,0.5124693205323431,2.8244493675449527,4.547473508864641e-13,True,41.0,1.6367426473889933e-09,3.5203235881908768e-09,5805995.397399729,3.3400727846148305e-08
49,9.011964797973633,-0.05048531120060131,5.281756897868793e-07,1.733636159597162,1.2685836715949295,0.008461446801936673,0.0012065432452173076,6.00256335604362,0.5,0.5124693205318143,2.824449386091132,1.8189894035458565e-12,True,39.0,5.882556321587433e-10,7.010481084535058e-10,1214212.870353415,1.5971208847397578e-07
50,9.222736835479736,-0.050485311349503514,1.7871637850912344e-07,1.7336361629257024,1.268583671594929,0.008461446907709837,0.0012065501544207497,6.002563356043525,0.5,0.5124693205318052,2.824449379774566,7.105427357601002e-15,True,47.0,7.970159923359693e-08,4.9643409383293147e-08,105897830.94544984,1.8312412013507096e-09
51,9.425487756729126,-0.050485311185503395,1.9821367662651334e-07,1.7336361592593192,1.268583671594651,0.00846144679121214,0.0012065425445289988,6.002563356041527,0.5,0.5124693205317381,2.824449386732406,2.2737367544323206e-13,True,42.0,2.721040899162479e-09,1.43284495379703e-09,3644917.2825102243,5.320408053097171e-08
52,9.636461973190308,-0.05048531133264574,1.7767909334740054e-07,1.7336361625484857,1.2685836715946235,0.008461446895735207,0.001206549372061992,6.002563356041248,0.5,0.5124693205317238,2.824449380490568,2.842170943040401e-14,True,45.0,1.5618206634810117e-08,1.3958942446379297e-08,26161514.05053869,7.412585967060888e-09
53,9.878890037536621,-0.05048531123976639,1.1107536022129903e-07,1.733636160472097,1.2685836715944825,0.008461446829758218,0.0012065450623064697,6.002563356040258,0.5,0.5124693205316919,2.8244493844309995,1.1368683772161603e-13,True,43.0,6.625485684126269e-09,8.742411239381909e-09,4128495.696774299,4.697218722202839e-08
54,10.096569061279297,-0.050485311153495985,1.030020012371328e-07,1.7336361585435804,1.2685836715944496,0.008461446768475806,0.0012065410592589356,6.002563356040001,0.5,0.5124693205316821,2.8244493880907795,2.842170943040401e-14,True,45.0,8.673128003658516e-09,2.51921505878272e-09,15338743.558044678,1.264278730459595e-08
55,10.31131100654602,-0.05048531126685459,1.3415851491924747e-07,1.7336361610774986,1.2685836715943826,0.008461446849000517,0.0012065463191782597,6.002563356039494,0.5,0.5124693205316633,2.8244493832821815,5.684341886080802e-14,True,44.0,1.1222643983457097e-08,9.486498697697243e-09,10077390.382495569,1.92435208933498e-08
56,10.519705057144165,-0.05048531121870966,5.032603669242502e-08,1.7336361600012298,1.2685836715943475,0.008461446814800655,0.0012065440851904742,6.002563356039244,0.5,0.5124693205316553,2.8244493853246384,2.842170943040401e-14,True,45.0,8.99822042752886e-09,5.660108826077703e-09,8560120.906228686,2.2654408121315516e-08
57,10.736965894699097,-0.0504853111906541,2.363127025319327e-08,1.7336361593740748,1.2685836715943433,0.008461446794871309,0.0012065427833829214,6.0025633560392135,0.5,0.5124693205316542,2.8244493865147975,3.552713678800501e-15,True,48.0,2.012512116637775e-08,8.80371686662329e-09,39905780.35550437,4.859558459917212e-09
58,10.956551790237427,-0.05048531119684004,5.210414601582632e-09,1.733636159512353,1.2685836715943422,0.008461446799265514,0.0012065430704160352,6.002563356039205,0.5,0.512469320531654,2.8244493862523865,8.881784197001252e-16,True,50.0,2.3193438324882242e-08,5.515323309168707e-09,35195001.93257453,5.510000326274357e-09
59,11.17225694656372,-0.05048531120741335,8.905902482836192e-09,1.7336361597487056,1.2685836715943408,0.008461446806776294,0.0012065435610274548,6.002563356039197,0.5,0.5124693205316535,2.8244493858038586,8.881784197001252e-16,True,50.0,6.453578793406353e-08,1.4416595561783652e-07,60157066.76387145,3.2236357164630127e-09
60,11.395287036895752,-0.050485311157606565,5.357443928259931e-08,1.7336361586353326,1.2685836715943408,0.008461446771395894,0.0012065412499432495,6.002563356039185,0.5,0.5124693205316525,2.8244493879167183,8.881784197001252e-16,False,51.0,3.1146752642896564e-07,4.814211322923256e-07,283377099.1894546,6.843335681900621e-10
61,11.612169027328491,-0.050485311159529575,1.6197458324637897e-09,1.7336361586783178,1.2685836715943397,0.008461446772761913,0.0012065413391723725,6.002563356039179,0.5,0.5124693205316523,2.8244493878351453,8.881784197001252e-16,False,51.0,4.205779076434617e-09,2.5755770849400506e-09,10940962.771883698,1.7724625910323608e-08
62,11.830473899841309,-0.05048531116153292,1.499639823525146e-08,1.7336361587230988,1.2685836715943386,0.008461446774184995,0.00120654143212905,6.00256335603917,0.5,0.5124693205316521,2.8244493877501644,8.881784197001252e-16,False,51.0,8.804064144826828e-09,1.0666450833696217e-08,11398021.986566707,1.7013870709013102e-08
63,12.051095008850098,-0.050485311163627415,1.7641885959085838e-09,1.7336361587699174,1.2685836715943375,0.00846144677567283,0.0012065415293152902,6.002563356039164,0.5,0.512469320531652,2.824449387661317,8.881784197001252e-16,False,51.0,1.0168107390215853e-08,4.6710759704637894e-09,11916636.370301953,1.6273423662651807e-08
64,12.27125597000122,-0.050485311165826524,1.8523038500014098e-09,1.7336361588190745,1.2685836715943364,0.008461446777234974,0.001206541631355647,6.002563356039155,0.5,0.5124693205316517,2.8244493875680314,8.881784197001252e-16,False,51.0,1.1260100878977323e-08,1.2121667225528654e-08,12511832.63420202,1.5499286006358756e-08
65,12.490408897399902,-0.05048531116814734,1.9548171533174562e-09,1.7336361588709526,1.2685836715943353,0.008461446778883571,0.0012065417390432947,6.002563356039149,0.5,0.5124693205316514,2.824449387469583,8.881784197001252e-16,False,51.0,1.9496896173654465e-08,4.160386346541145e-08,13204282.991889644,1.4686482655013399e-08
66,12.73431396484375,-0.05048531117061211,2.076073372072128e-09,1.7336361589260483,1.2685836715943344,0.008461446780634433,0.001206541853410743,6.00256335603914,0.5,0.5124693205316512,2.8244493873650276,8.881784197001252e-16,False,51.0,6.130065554819559e-09,8.949481156150796e-09,14023337.607547758,1.3828695951287302e-08
67,12.954860925674438,-0.05048531117325071,2.2224843169702063e-09,1.7336361589850295,1.268583671594333,0.00846144678250877,0.0012065419758437365,6.002563356039134,0.5,0.5124693205316511,2.8244493872530985,8.881784197001252e-16,False,51.0,1.1770467473023442e-08,6.475563196772782e-09,15012305.205929631,1.291770115857238e-08
68,13.20688796043396,-0.050485311176104775,2.4039759377946272e-09,1.7336361590488276,1.268583671594332,0.008461446784536166,0.0012065421082747977,6.002563356039125,0.5,0.5124693205316508,2.824449387132029,8.881784197001252e-16,False,51.0,4.431666300672834e-08,2.3326748532781494e-08,16238234.647905424,1.194246024215867e-08
69,13.511106014251709,-0.05048531117923537,2.6368935080002984e-09,1.7336361591188068,1.2685836715943306,0.008461446786759993,0.0012065422535369051,6.002563356039116,0.5,0.5124693205316506,2.824449386999229,8.881784197001252e-16,False,51.0,1.7176031499435154e-08,5.66068081297999e-09,17811531.95383341,1.0887579622554474e-08
70,13.73405909538269,-0.050485311182738225,2.9504554163249338e-09,1.7336361591971077,1.2685836715943295,0.008461446789248261,0.0012065424160726155,6.00256335603911,0.5,0.5124693205316503,2.824449386850637,8.881784197001252e-16,False,51.0,1.693462505307287e-07,1.910520950332284e-07,19929561.800790623,9.730493317063328e-09
71,13.951793909072876,-0.05048531118677868,3.4032740186680367e-09,1.733636159287426,1.2685836715943284,0.008461446792118412,0.001206542603553349,6.0025633560391025,0.5,0.5124693205316502,2.8244493866792393,8.881784197001252e-16,False,51.0,1.2491961655523767e-08,1.986337316850495e-08,22988235.158596784,8.43581385637415e-09
72,14.173089981079102,-0.050485311191688274,4.135348521268715e-09,1.7336361593971732,1.2685836715943275,0.008461446795605959,0.0012065428313628535,6.002563356039096,0.5,0.51246932053165,2.824449386470972,8.881784197001252e-16,False,51.0,2.32964779448224e-08,1.62544679938037e-08,27933208.690817405,6.942434506036619e-09
73,14.398916006088257,-0.050485311198335256,5.598754937318019e-09,1.7336361595457574,1.2685836715943264,0.008461446800327664,0.0012065431397889927,6.002563356039087,0.5,0.5124693205316497,2.824449386189003,8.881784197001252e-16,False,51.0,2.31391380967174e-08,2.0765551056456388e-08,37818140.755828284,5.127816119839432e-09
74,14.616498947143555,-0.050485311211095986,1.0748371672740932e-08,1.7336361598310075,1.2685836715943253,0.00846144680939229,0.0012065437318989883,6.0025633560390785,0.5,0.5124693205316493,2.824449385647682,8.881784197001252e-16,False,51.0,3.953350164453891e-08,6.014311182411802e-08,72602468.95177439,2.671045164622922e-09
75,14.837485074996948,-0.050485311194432135,1.4035993126870552e-08,1.7336361594585052,1.2685836715943244,0.008461446797555073,0.0012065429586793626,6.002563356039072,0.5,0.5124693205316491,2.824449386354584,8.881784197001252e-16,False,51.0,1.5881203973632777e-07,1.1587684412006638e-07,94809503.60290281,2.0454117184777772e-09
76,15.059578895568848,-0.05048531120271779,1.645451910724419e-08,1.7336361596437202,1.2685836715943233,0.008461446803440818,0.0012065433431415274,6.002563356039063,0.5,0.5124693205316487,2.8244493860031006,8.881784197001252e-16,False,51.0,2.3578737914025092e-08,5.1848406457111196e-08,47141412.83683475,4.113675416700757e-09
77,15.281200170516968,-0.05048531123514094,3.7576222182165734e-08,1.7336361603685013,1.2685836715943224,0.008461446826472704,0.0012065448476067352,6.0025633560390546,0.5,0.5124693205316482,2.8244493846276795,8.881784197001252e-16,False,51.0,8.678296324480651e-08,1.3651159846972405e-07,184472301.02677867,1.0512389897503662e-09
78,15.505367994308472,-0.05048531123202326,1.5130785589134387e-08,1.7336361602988077,1.2685836715943213,0.008461446824258048,0.0012065447029427415,6.002563356039048,0.5,0.512469320531648,2.824449384759938,8.881784197001252e-16,False,51.0,3.060391631148903e-08,2.5466757591630085e-09,17738198.595415007,1.093259111873974e-08
79,15.725533962249756,-0.05048531122853825,2.9354392584993827e-09,1.7336361602209027,1.2685836715943202,0.00846144682178246,0.0012065445412342594,6.0025633560390395,0.5,0.5124693205316476,2.824449384907779,8.881784197001252e-16,False,51.0,1.0505669318387759e-08,1.6545628866992956e-08,19828133.21715594,9.780268803467882e-09
80,15.942368030548096,-0.05048531122452463,3.380685414689647e-09,1.7336361601311814,1.2685836715943188,0.008461446818931379,0.001206544354997905,6.002563356039031,0.5,0.5124693205316475,2.824449385078044,8.881784197001252e-16,False,51.0,2.900161934422076e-08,2.401179699518252e-09,22835656.466003302,8.492178567116217e-09
81,16.16086983680725,-0.05048531121966149,4.096242964917238e-09,1.7336361600224701,1.268583671594318,0.00846144681547683,0.001206544129342671,6.002563356039024,0.5,0.5124693205316473,2.824449385284347,8.881784197001252e-16,False,51.0,4.8300836533550835e-08,1.4857635122211832e-08,27669062.497475106,7.008711361120525e-09
82,16.38491177558899,-0.05048531121312095,5.5091139131721215e-09,1.7336361598762624,1.2685836715943166,0.008461446810830737,0.001206543825854718,6.0025633560390155,0.5,0.5124693205316471,2.824449385561807,8.881784197001252e-16,False,51.0,2.0139382906843385e-08,2.8914515226574622e-08,37212640.88286322,5.211252603318811e-09
83,16.637668132781982,-0.050485311200921,1.0276044635363928e-08,1.733636159603545,1.2685836715943153,0.008461446802164466,0.0012065432597644322,6.002563356039007,0.5,0.5124693205316467,2.824449386079345,8.881784197001252e-16,False,51.0,3.121553157541734e-08,3.627807920736359e-08,69412023.93015742,2.7938167215422994e-09
84,16.854506969451904,-0.05048531122079093,1.6736457624799383e-08,1.733636160047713,1.2685836715943144,0.008461446816279132,0.0012065441817481547,6.002563356039,0.5,0.5124693205316464,2.8244493852364445,8.881784197001252e-16,False,51.0,8.60827119865572e-08,2.577127489189479e-08,113050440.96217398,1.715380055575647e-09
85,17.073161840438843,-0.05048531121473546,5.100545642491436e-09,1.7336361599123487,1.2685836715943133,0.00846144681197761,0.0012065439007675517,6.0025633560389915,0.5,0.5124693205316461,2.8244493854933275,8.881784197001252e-16,False,51.0,3.3972505905397104e-08,5.107546385829664e-09,34452867.79612696,5.628688832668125e-09
86,17.29085898399353,-0.050485311204682644,8.467507719275752e-09,1.7336361596876284,1.2685836715943124,0.008461446804836563,0.0012065434343065738,6.002563356038983,0.5,0.5124693205316458,2.8244493859197815,8.881784197001252e-16,False,51.0,2.2671178376899343e-08,1.287863327092964e-08,57195825.37023855,3.3905354342343366e-09
87,17.50707507133484,-0.0504853113095375,1.238944203839347e-07,1.7336361620315432,1.2685836715943153,0.008461446879320536,0.00120654829967374,6.002563356038957,0.5,0.512469320531642,2.8244493814717297,8.881784197001252e-16,False,51.0,5.564630595478568e-07,9.933284896845862e-07,596574486.0946277,3.2506333950635236e-10
88,17.72720193862915,-0.05048531130865059,1.4919875891993916e-08,1.733636162011716,1.268583671594314,0.008461446878690519,0.0012065482585197037,6.002563356038951,0.5,0.5124693205316418,2.8244493815093565,8.881784197001252e-16,False,51.0,3.295772945928041e-09,2.7937634428099045e-09,5046166.081373763,3.843006143037553e-08
89,17.94602108001709,-0.05048531130775605,7.534825437234516e-10,1.7336361619917182,1.2685836715943128,0.008461446878055081,0.0012065482170116107,6.002563356038942,0.5,0.5124693205316416,2.824449381547307,8.881784197001252e-16,False,51.0,3.6036638899919475e-09,2.3304558283143706e-10,5089580.797448674,3.81022485502841e-08
90,18.69278311729431,-0.05048531130685367,7.600781178306291e-10,1.733636161971545,1.2685836715943115,0.008461446877414076,0.0012065481751401793,6.0025633560389355,0.5,0.5124693205316414,2.82444938158559,8.881784197001252e-16,False,51.0,3.622929263206387e-09,1.0261391736321457e-09,5134132.349310791,3.7771615412837064e-08
91,18.9109628200531,-0.05048531130594326,7.668495580034714e-10,1.7336361619511926,1.2685836715943106,0.008461446876767361,0.0012065481328957172,6.002563356038928,0.5,0.5124693205316412,2.8244493816242136,8.881784197001252e-16,False,51.0,1.4507310783662588e-09,3.9313974298238463e-10,5179871.156751973,3.7438088070474745e-08
92,19.133249044418335,-0.050485311305024594,7.73804679802902e-10,1.733636161930655,1.2685836715943095,0.008461446876114786,0.001206548090268105,6.0025633560389196,0.5,0.5124693205316411,2.8244493816631877,8.881784197001252e-16,False,51.0,1.780428942900726e-09,3.7132430463771016e-10,5226850.811834609,3.7101589377355985e-08
93,19.3556649684906,-0.05048531130409744,7.809517553855735e-10,1.733636161909928,1.268583671594308,0.00846144687545618,0.0012065480472467779,6.002563356038912,0.5,0.5124693205316407,2.8244493817025216,8.881784197001252e-16,False,51.0,2.6773190325062005e-09,1.6440999672795442e-09,5275128.341450454,3.6762038751883375e-08
94,19.572980880737305,-0.05048531130316156,1.4921997920931637e-08,1.7336361618890062,1.268583671594307,0.008461446874791376,0.0012065480038206415,6.0025633560389045,0.5,0.5124693205316404,2.8244493817422254,8.881784197001252e-16,False,51.0,1.3937274113869255e-08,1.1270735456037073e-08,5324764.53547678,3.641935178667337e-08
95,19.793545961380005,-0.05048531130221671,7.958591358533451e-10,1.733636161867884,1.268583671594306,0.008461446874120199,0.0012065479599780897,6.002563356038896,0.5,0.5124693205316403,2.82444938178231,8.881784197001252e-16,False,51.0,8.668314871495473e-09,1.2875567279024835e-09,5375824.148839059,3.607344048907464e-08
96,20.011345863342285,-0.05048531130126262,8.036393829008269e-10,1.7336361618465548,1.2685836715943046,0.008461446873442458,0.0012065479157069335,6.002563356038888,0.5,0.5124693205316401,2.8244493818227867,8.881784197001252e-16,False,51.0,1.1407545218010936e-08,1.9921268190614683e-08,5428376.44802699,3.572421219245807e-08
97,20.240496158599854,-0.05048531130029901,8.116512373197644e-10,1.7336361618250131,1.2685836715943037,0.008461446872757964,0.001206547870994421,6.0025633560388805,0.5,0.5124693205316397,2.824449381863667,8.881784197001252e-16,False,51.0,2.929552167288942e-09,3.805642023735345e-09,5482495.481735908,3.5371569984699696e-08
98,20.539554119110107,-0.05048531129932561,8.19906917627723e-10,1.7336361618032523,1.2685836715943024,0.008461446872066505,0.0012065478258271158,6.002563356038874,0.5,0.5124693205316395,2.8244493819049628,8.881784197001252e-16,False,51.0,3.513897363237365e-09,1.2401812909956789e-10,5538260.494966783,3.501541191746199e-08
99,20.759648084640503,-0.050485311298342106,8.284188731035242e-10,1.7336361617812657,1.2685836715943013,0.00846144687136787,0.0012065477801908987,6.002563356038865,0.5,0.5124693205316393,2.824449381946687,8.881784197001252e-16,False,51.0,4.317440517708065e-09,1.2656808934252695e-09,5595756.456645249,3.4655631281688755e-08
100,20.978187084197998,-0.05048531129734817,8.372005929312648e-10,1.7336361617590463,1.2685836715943002,0.008461446870661823,0.0012065477340709137,6.0025633560388565,0.5,0.5124693205316391,2.824449381988854,8.881784197001252e-16,False,51.0,2.7331397863703596e-09,2.5501023515062116e-10,5655074.62391736,3.429211556559809e-08
